FU,capability,implementation,corner,target_period_ns,achieved_delay_ns,fmax_ghz,cell_area_um2,total_area_um2,dynamic_power_mw,leakage_power_uw,energy_per_operation_pj,timing_met,activity_source,fixed_bank_definition
abs_a3,64/32x2/16x4,decomposable,one_ghz,1.000000,0.999996,1.000004000,155.133602,335.438949,0.268606,0.065369,0.268605,true,uniform_synthetic,pending_normalized_fixed_bank
abs_a3,64/32x2/16x4,decomposable,two_ghz,0.500000,0.499909,2.000364066,201.442801,389.521091,0.301127,0.105446,0.150536,true,uniform_synthetic,pending_normalized_fixed_bank
addsub_d4,64/32x2/16x4,decomposable,one_ghz,1.000000,0.999487,1.000513263,188.078401,387.567379,0.559158,0.073745,0.558871,true,uniform_synthetic,pending_normalized_fixed_bank
addsub_d4,64/32x2/16x4,decomposable,two_ghz,0.500000,0.499980,2.000080003,281.984400,497.188686,0.645942,0.151689,0.322958,true,uniform_synthetic,pending_normalized_fixed_bank
barrel_bs3,64/32x2/16x4,decomposable,one_ghz,1.000000,0.999865,1.000135018,404.350797,1081.839766,1.436800,0.162481,1.436606,true,uniform_synthetic,pending_normalized_fixed_bank
barrel_bs3,64/32x2/16x4,decomposable,two_ghz,0.500000,0.499985,2.000060002,762.259194,1430.462484,1.710900,0.417944,0.855424,true,uniform_synthetic,pending_normalized_fixed_bank
cmp_c4,64/32x2/16x4,decomposable,one_ghz,1.000000,0.999158,1.000842710,144.122399,329.674989,0.305136,0.055501,0.304879,true,uniform_synthetic,pending_normalized_fixed_bank
cmp_c4,64/32x2/16x4,decomposable,two_ghz,0.500000,0.499709,2.001164678,222.133198,432.110780,0.356930,0.106841,0.178361,true,uniform_synthetic,pending_normalized_fixed_bank
fp_cmp_g3,FP64/FP32x2/FP16x4,decomposable,one_ghz,1.000000,0.999435,1.000565319,257.741999,636.240615,0.726758,0.112752,0.726347,true,uniform_synthetic,pending_normalized_fixed_bank
fp_cmp_g3,FP64/FP32x2/FP16x4,decomposable,two_ghz,0.500000,0.499982,2.000072003,410.078399,753.517790,0.758126,0.227659,0.379050,true,uniform_synthetic,pending_normalized_fixed_bank
fp_minmax_m3,FP64/FP32x2/FP16x4,decomposable,one_ghz,1.000000,0.999942,1.000058003,304.450800,663.435335,0.755852,0.130502,0.755808,true,uniform_synthetic,pending_normalized_fixed_bank
fp_minmax_m3,FP64/FP32x2/FP16x4,decomposable,two_ghz,0.500000,0.499914,2.000344059,461.404798,830.390990,0.960188,0.264507,0.480012,true,uniform_synthetic,pending_normalized_fixed_bank
minmax_m4,64/32x2/16x4,decomposable,one_ghz,1.000000,0.999591,1.000409167,120.190798,296.912739,0.431539,0.046315,0.431363,true,uniform_synthetic,pending_normalized_fixed_bank
minmax_m4,64/32x2/16x4,decomposable,two_ghz,0.500000,0.499787,2.000852363,141.902400,299.616549,0.334106,0.059265,0.166982,true,uniform_synthetic,pending_normalized_fixed_bank
mult_decomp,64/32x2/16x4,decomposable,one_ghz,1.000000,0.999871,1.000129017,4982.701168,8613.639064,21.118900,3.098700,21.116176,true,uniform_synthetic,pending_normalized_fixed_bank
mult_decomp,64/32x2/16x4,decomposable,two_ghz,0.500000,0.971435,1.029404952,5368.359560,9042.386609,21.835100,3.482700,21.211380,false,uniform_synthetic,pending_normalized_fixed_bank
rounding_g3,FP64/FP32x2/FP16x4,decomposable,one_ghz,1.000000,0.999835,1.000165027,1256.786395,2401.979619,1.324400,0.650348,1.324181,true,uniform_synthetic,pending_normalized_fixed_bank
rounding_g3,FP64/FP32x2/FP16x4,decomposable,two_ghz,0.500000,0.550626,1.816114749,2156.685591,3383.537264,1.645500,1.454600,0.906055,false,uniform_synthetic,pending_normalized_fixed_bank
abs_16x4,16x4,fixed,one_ghz,1.000000,0.999619,1.000381145,69.352801,163.952762,0.096376,0.023192,0.096339,true,uniform_synthetic,fixed_bank_component
abs_16x4,16x4,fixed,two_ghz,0.500000,0.499893,2.000428092,89.155200,184.627289,0.103095,0.033778,0.051536,true,uniform_synthetic,fixed_bank_component
abs_32x2,32x2,fixed,one_ghz,1.000000,0.998921,1.001080165,123.032398,313.831655,0.307964,0.046545,0.307632,true,uniform_synthetic,fixed_bank_component
abs_32x2,32x2,fixed,two_ghz,0.500000,0.499240,2.003044628,132.978001,322.867498,0.173665,0.048467,0.086700,true,uniform_synthetic,fixed_bank_component
abs_64,64,fixed,one_ghz,1.000000,0.999343,1.000657432,137.329202,333.965062,0.198389,0.051982,0.198258,true,uniform_synthetic,fixed_bank_component
abs_64,64,fixed,two_ghz,0.500000,0.499731,2.001076579,174.270001,372.872172,0.220780,0.082706,0.110331,true,uniform_synthetic,fixed_bank_component
addsub_16x4,16x4,fixed,one_ghz,1.000000,0.957530,1.044353702,109.845596,219.886200,0.256774,0.038077,0.245869,true,uniform_synthetic,fixed_bank_component
addsub_16x4,16x4,fixed,two_ghz,0.500000,0.499949,2.000204021,168.231602,348.089328,0.430823,0.065736,0.215389,true,uniform_synthetic,fixed_bank_component
addsub_32x2,32x2,fixed,one_ghz,1.000000,0.999681,1.000319102,264.357603,609.609618,0.980578,0.085225,0.980265,true,uniform_synthetic,fixed_bank_component
addsub_32x2,32x2,fixed,two_ghz,0.500000,0.499780,2.000880387,312.931203,658.747570,1.056600,0.129509,0.528068,true,uniform_synthetic,fixed_bank_component
addsub_64,64,fixed,one_ghz,1.000000,0.999519,1.000481231,173.959202,404.234222,0.470908,0.064079,0.470682,true,uniform_synthetic,fixed_bank_component
addsub_64,64,fixed,two_ghz,0.500000,0.499992,2.000032001,207.214800,446.799132,0.523717,0.083095,0.261854,true,uniform_synthetic,fixed_bank_component
barrel_16x4,16x4,fixed,one_ghz,1.000000,0.999923,1.000077006,202.597197,615.075861,0.803952,0.074860,0.803890,true,uniform_synthetic,fixed_bank_component
barrel_16x4,16x4,fixed,two_ghz,0.500000,0.499685,2.001260794,279.320398,708.421216,0.849234,0.141612,0.424349,true,uniform_synthetic,fixed_bank_component
barrel_32x2,32x2,fixed,one_ghz,1.000000,0.999803,1.000197039,266.799596,843.284083,0.969729,0.092030,0.969537,true,uniform_synthetic,fixed_bank_component
barrel_32x2,32x2,fixed,two_ghz,0.500000,0.499902,2.000392077,349.605595,901.272326,0.962067,0.157919,0.480939,true,uniform_synthetic,fixed_bank_component
barrel_64,64,fixed,one_ghz,1.000000,0.999814,1.000186035,315.239997,1056.247531,1.222300,0.119859,1.222073,true,uniform_synthetic,fixed_bank_component
barrel_64,64,fixed,two_ghz,0.500000,0.499981,2.000076003,643.977600,1295.628133,1.511600,0.341512,0.755771,true,uniform_synthetic,fixed_bank_component
cmp_16x4,16x4,fixed,one_ghz,1.000000,0.994993,1.005032196,97.902000,259.100837,0.259626,0.026717,0.258326,true,uniform_synthetic,fixed_bank_component
cmp_16x4,16x4,fixed,two_ghz,0.500000,0.499773,2.000908412,119.436000,285.682330,0.293096,0.046123,0.146481,true,uniform_synthetic,fixed_bank_component
cmp_32x2,32x2,fixed,one_ghz,1.000000,0.999888,1.000112013,119.524800,261.820143,0.233334,0.042034,0.233308,true,uniform_synthetic,fixed_bank_component
cmp_32x2,32x2,fixed,two_ghz,0.500000,0.499570,2.001721480,102.475200,232.376097,0.246280,0.040047,0.123034,true,uniform_synthetic,fixed_bank_component
cmp_64,64,fixed,one_ghz,1.000000,0.999518,1.000482232,92.929200,228.256040,0.213280,0.027846,0.213177,true,uniform_synthetic,fixed_bank_component
cmp_64,64,fixed,two_ghz,0.500000,0.499970,2.000120007,121.744800,268.792457,0.246457,0.049364,0.123221,true,uniform_synthetic,fixed_bank_component
fp_cmp_16x4,FP16x4,fixed,one_ghz,1.000000,0.999507,1.000493243,109.312800,285.680395,0.248082,0.033871,0.247960,true,uniform_synthetic,fixed_bank_component
fp_cmp_16x4,FP16x4,fixed,two_ghz,0.500000,0.499950,2.000200020,139.193999,323.391969,0.284245,0.054822,0.142108,true,uniform_synthetic,fixed_bank_component
fp_cmp_32x2,FP32x2,fixed,one_ghz,1.000000,0.998577,1.001425028,122.055599,305.450452,0.252584,0.037621,0.252225,true,uniform_synthetic,fixed_bank_component
fp_cmp_32x2,FP32x2,fixed,two_ghz,0.500000,0.499775,2.000900405,156.554400,355.015437,0.280156,0.058680,0.140015,true,uniform_synthetic,fixed_bank_component
fp_cmp_64,FP64,fixed,one_ghz,1.000000,0.999163,1.000837701,111.133199,275.210007,0.230425,0.038427,0.230232,true,uniform_synthetic,fixed_bank_component
fp_cmp_64,FP64,fixed,two_ghz,0.500000,0.499939,2.000244030,153.402000,363.911792,0.313576,0.056426,0.156769,true,uniform_synthetic,fixed_bank_component
fp_minmax_16x4,FP16x4,fixed,one_ghz,1.000000,0.998930,1.001071146,106.737599,290.222041,0.291678,0.030448,0.291366,true,uniform_synthetic,fixed_bank_component
fp_minmax_16x4,FP16x4,fixed,two_ghz,0.500000,0.499750,2.001000500,135.997199,320.628759,0.326736,0.059207,0.163286,true,uniform_synthetic,fixed_bank_component
fp_minmax_32x2,FP32x2,fixed,one_ghz,1.000000,0.999745,1.000255065,127.871999,330.835095,0.326527,0.044530,0.326443,true,uniform_synthetic,fixed_bank_component
fp_minmax_32x2,FP32x2,fixed,two_ghz,0.500000,0.499935,2.000260034,176.756399,388.956935,0.371072,0.077429,0.185512,true,uniform_synthetic,fixed_bank_component
fp_minmax_64,FP64,fixed,one_ghz,1.000000,0.999633,1.000367135,133.643998,332.255134,0.354459,0.050114,0.354329,true,uniform_synthetic,fixed_bank_component
fp_minmax_64,FP64,fixed,two_ghz,0.500000,0.499939,2.000244030,159.928798,369.373074,0.366123,0.068844,0.183039,true,uniform_synthetic,fixed_bank_component
minmax_16x4,16x4,fixed,one_ghz,1.000000,0.998712,1.001289661,95.992799,236.623518,0.334208,0.036924,0.333777,true,uniform_synthetic,fixed_bank_component
minmax_16x4,16x4,fixed,two_ghz,0.500000,0.499723,2.001108614,99.589200,229.996865,0.259323,0.034325,0.129590,true,uniform_synthetic,fixed_bank_component
minmax_32x2,32x2,fixed,one_ghz,1.000000,0.999315,1.000685470,138.128398,301.769498,0.368215,0.064155,0.367962,true,uniform_synthetic,fixed_bank_component
minmax_32x2,32x2,fixed,two_ghz,0.500000,0.499239,2.003048640,111.088801,258.318871,0.289298,0.040123,0.144429,true,uniform_synthetic,fixed_bank_component
minmax_64,64,fixed,one_ghz,1.000000,0.999309,1.000691478,103.407600,237.779038,0.259136,0.034749,0.258957,true,uniform_synthetic,fixed_bank_component
minmax_64,64,fixed,two_ghz,0.500000,0.498328,2.006710440,130.491600,278.557137,0.292136,0.053417,0.145580,true,uniform_synthetic,fixed_bank_component
mult_16x4,16x4,fixed,one_ghz,1.000000,0.999969,1.000031001,600.021581,1151.137355,1.714100,0.252904,1.714047,true,uniform_synthetic,fixed_bank_component
mult_16x4,16x4,fixed,two_ghz,0.500000,0.499835,2.000660218,765.544791,1391.534065,2.638900,0.377487,1.319015,true,uniform_synthetic,fixed_bank_component
mult_32x2,32x2,fixed,one_ghz,1.000000,0.999997,1.000003000,1171.582780,2706.759031,4.582900,0.445226,4.582886,true,uniform_synthetic,fixed_bank_component
mult_32x2,32x2,fixed,two_ghz,0.500000,0.499983,2.000068002,1827.592795,2955.782746,5.190400,1.184800,2.595112,true,uniform_synthetic,fixed_bank_component
mult_64,64,fixed,one_ghz,1.000000,0.999914,1.000086007,2256.940759,5240.186795,9.064500,1.060200,9.063720,true,uniform_synthetic,fixed_bank_component
mult_64,64,fixed,two_ghz,0.500000,0.522399,1.914245625,3708.199196,6581.115608,11.944200,2.551600,6.239638,false,uniform_synthetic,fixed_bank_component
rounding_16x4,FP16x4,fixed,one_ghz,1.000000,0.999953,1.000047002,269.596801,601.522213,0.431849,0.102300,0.431829,true,uniform_synthetic,fixed_bank_component
rounding_16x4,FP16x4,fixed,two_ghz,0.500000,0.499938,2.000248031,479.875198,876.912410,0.629018,0.262263,0.314470,true,uniform_synthetic,fixed_bank_component
rounding_32x2,FP32x2,fixed,one_ghz,1.000000,0.999938,1.000062004,456.742800,939.373096,0.576233,0.200554,0.576197,true,uniform_synthetic,fixed_bank_component
rounding_32x2,FP32x2,fixed,two_ghz,0.500000,0.499831,2.000676229,774.779994,1304.878256,0.763716,0.454073,0.381729,true,uniform_synthetic,fixed_bank_component
rounding_64,FP64,fixed,one_ghz,1.000000,0.999956,1.000044002,613.252799,1197.592133,0.493619,0.302167,0.493597,true,uniform_synthetic,fixed_bank_component
rounding_64,FP64,fixed,two_ghz,0.500000,0.597832,1.672710728,1384.125595,2090.704429,0.894544,0.965000,0.534787,false,uniform_synthetic,fixed_bank_component
abs_16x4,16x4,fixed,feasible,0.625000,0.624910,1.600230433,83.916001,178.319878,0.096659,0.029295,0.060403,true,uniform_synthetic,feasible_family_target
abs_32x2,32x2,fixed,feasible,0.625000,0.622239,1.607099523,129.914402,316.741538,0.172223,0.047553,0.107164,true,uniform_synthetic,feasible_family_target
abs_64,64,fixed,feasible,0.625000,0.624976,1.600061442,146.298001,332.816268,0.220915,0.060439,0.138067,true,uniform_synthetic,feasible_family_target
abs_a3,64/32x2/16x4,decomposable,feasible,0.625000,0.624905,1.600243237,196.958401,383.679652,0.289833,0.100665,0.181118,true,uniform_synthetic,feasible_family_target
addsub_16x4,16x4,fixed,feasible,0.625000,0.624966,1.600087045,116.372400,223.963008,0.261424,0.051259,0.163381,true,uniform_synthetic,feasible_family_target
addsub_32x2,32x2,fixed,feasible,0.625000,0.624834,1.600425073,285.758403,628.695297,1.013500,0.104209,0.633269,true,uniform_synthetic,feasible_family_target
addsub_64,64,fixed,feasible,0.625000,0.623971,1.602638584,190.964401,430.619925,0.488401,0.071167,0.304748,true,uniform_synthetic,feasible_family_target
addsub_d4,64/32x2/16x4,decomposable,feasible,0.625000,0.624494,1.601296410,228.216001,438.302542,0.590859,0.105284,0.368988,true,uniform_synthetic,feasible_family_target
barrel_16x4,16x4,fixed,feasible,0.625000,0.624951,1.600125450,253.523997,644.078778,0.846311,0.121105,0.528903,true,uniform_synthetic,feasible_family_target
barrel_32x2,32x2,fixed,feasible,0.625000,0.624985,1.600038401,310.267195,868.758424,0.951833,0.125643,0.594882,true,uniform_synthetic,feasible_family_target
barrel_64,64,fixed,feasible,0.625000,0.624735,1.600678688,502.163997,1218.701612,1.332900,0.238780,0.832709,true,uniform_synthetic,feasible_family_target
barrel_bs3,64/32x2/16x4,decomposable,feasible,0.625000,0.624953,1.600120329,552.824397,1253.204573,1.581500,0.273223,0.988363,true,uniform_synthetic,feasible_family_target
cmp_16x4,16x4,fixed,feasible,0.625000,0.624781,1.600560837,112.287599,278.675181,0.282282,0.040626,0.176365,true,uniform_synthetic,feasible_family_target
cmp_32x2,32x2,fixed,feasible,0.625000,0.624987,1.600033281,94.172400,222.390439,0.235348,0.033676,0.147089,true,uniform_synthetic,feasible_family_target
cmp_64,64,fixed,feasible,0.625000,0.623614,1.603556046,106.515600,245.323092,0.230190,0.043824,0.143550,true,uniform_synthetic,feasible_family_target
cmp_c4,64/32x2/16x4,decomposable,feasible,0.625000,0.624792,1.600532657,190.875598,388.380155,0.328567,0.083677,0.205286,true,uniform_synthetic,feasible_family_target
fp_cmp_16x4,FP16x4,fixed,feasible,0.625000,0.624958,1.600107527,129.426000,313.836382,0.283824,0.046115,0.177378,true,uniform_synthetic,feasible_family_target
fp_cmp_32x2,FP32x2,fixed,feasible,0.625000,0.624952,1.600122889,148.207199,331.962124,0.279077,0.062669,0.174410,true,uniform_synthetic,feasible_family_target
fp_cmp_64,FP64,fixed,feasible,0.625000,0.624604,1.601014403,130.180799,303.628135,0.250860,0.049587,0.156688,true,uniform_synthetic,feasible_family_target
fp_cmp_g3,FP64/FP32x2/FP16x4,decomposable,feasible,0.625000,0.624956,1.600112648,354.533999,703.498635,0.719405,0.176111,0.449596,true,uniform_synthetic,feasible_family_target
fp_minmax_16x4,FP16x4,fixed,feasible,0.625000,0.624914,1.600220190,118.991999,303.860083,0.309373,0.041773,0.193332,true,uniform_synthetic,feasible_family_target
fp_minmax_32x2,FP32x2,fixed,feasible,0.625000,0.624914,1.600220190,155.000398,369.636968,0.367346,0.058481,0.229560,true,uniform_synthetic,feasible_family_target
fp_minmax_64,FP64,fixed,feasible,0.625000,0.624948,1.600133131,151.403998,363.147525,0.359655,0.058661,0.224766,true,uniform_synthetic,feasible_family_target
fp_minmax_m3,FP64/FP32x2/FP16x4,decomposable,feasible,0.625000,0.624870,1.600332869,397.735198,761.604438,0.874528,0.207804,0.546466,true,uniform_synthetic,feasible_family_target
minmax_16x4,16x4,fixed,feasible,0.625000,0.624530,1.601204105,135.375598,268.766610,0.373838,0.069020,0.233473,true,uniform_synthetic,feasible_family_target
minmax_32x2,32x2,fixed,feasible,0.625000,0.624399,1.601540041,106.293601,254.908895,0.287062,0.033831,0.179241,true,uniform_synthetic,feasible_family_target
minmax_64,64,fixed,feasible,0.625000,0.624871,1.600330308,127.117200,270.673894,0.289041,0.054175,0.180614,true,uniform_synthetic,feasible_family_target
minmax_m4,64/32x2/16x4,decomposable,feasible,0.625000,0.624711,1.600740182,126.451200,282.361121,0.310101,0.044364,0.193723,true,uniform_synthetic,feasible_family_target
mult_16x4,16x4,fixed,feasible,1.214000,1.213630,0.823974358,595.048781,1146.722169,1.714400,0.237844,2.080647,true,uniform_synthetic,feasible_family_target
mult_32x2,32x2,fixed,feasible,1.214000,1.213990,0.823730014,1096.768771,2682.729608,3.593400,0.486056,4.362352,true,uniform_synthetic,feasible_family_target
mult_64,64,fixed,feasible,1.214000,1.213980,0.823736800,2197.045156,5174.332444,8.873300,0.974689,10.772009,true,uniform_synthetic,feasible_family_target
mult_decomp,64/32x2/16x4,decomposable,feasible,1.214000,1.213890,0.823797873,4071.790764,7533.299605,18.515500,2.201500,22.475780,true,uniform_synthetic,feasible_family_target
rounding_16x4,FP16x4,fixed,feasible,0.748000,0.747831,1.337200517,349.516799,731.056296,0.558539,0.149977,0.417693,true,uniform_synthetic,feasible_family_target
rounding_32x2,FP32x2,fixed,feasible,0.748000,0.747748,1.337348946,545.498399,1052.270859,0.588742,0.262267,0.440231,true,uniform_synthetic,feasible_family_target
rounding_64,FP64,fixed,feasible,0.748000,0.747837,1.337189789,851.769597,1482.729431,0.651032,0.501512,0.486866,true,uniform_synthetic,feasible_family_target
rounding_g3,FP64/FP32x2/FP16x4,decomposable,feasible,0.748000,0.747987,1.336921631,1512.619196,2690.043147,1.442400,0.873905,1.078896,true,uniform_synthetic,feasible_family_target
