family,design,role,capability,corner,target_period_ns,achieved_delay_ns,fmax_ghz,timing_met,cell_area_um2,static_leakage_power_uw,dynamic_power_mw,dynamic_internal_mw,dynamic_switching_mw,orig_source,orig_cell_area_um2,orig_static_leakage_power_uw,orig_dynamic_power_mw,orig_delta_area_percent,orig_delta_static_percent,orig_delta_dynamic_percent,orig_alt_source,orig_alt_cell_area_um2,orig_alt_static_leakage_power_uw,orig_alt_dynamic_power_mw,orig_alt_delta_area_percent,orig_alt_delta_static_percent,orig_alt_delta_dynamic_percent
addsub,addsub_d1,tier,64,one_ghz,1.000,0.999649,1.000351,true,182.262002,0.070573,0.512856,0.068881,0.443976,addsub_minmax_tier_ppa.csv,172.760402,0.064273,0.501969,5.50,9.80,2.17,,,,,,,
addsub,addsub_d1,tier,64,two_ghz,0.500,0.499874,2.000504,true,228.216001,0.103913,0.522269,0.078441,0.443828,addsub_minmax_tier_ppa.csv,228.216001,0.103913,0.522269,0.00,-0.00,-0.00,,,,,,,
addsub,addsub_d2,tier,64/32x2,one_ghz,1.000,0.998524,1.001478,true,178.798801,0.066940,0.491078,0.062810,0.428268,addsub_minmax_tier_ppa.csv,175.202402,0.064808,0.476733,2.05,3.29,3.01,,,,,,,
addsub,addsub_d2,tier,64/32x2,two_ghz,0.500,0.499979,2.000084,true,249.261600,0.122809,0.567161,0.085415,0.481745,addsub_minmax_tier_ppa.csv,249.261600,0.122809,0.567161,0.00,0.00,-0.00,,,,,,,
addsub,addsub_d4,tier,64/32x2/16x4,one_ghz,1.000,0.999846,1.000154,true,184.659601,0.071456,0.550115,0.069742,0.480373,addsub_minmax_tier_ppa.csv,182.972401,0.069685,0.528310,0.92,2.54,4.13,ppa_summary.csv,188.078401,0.073745,0.559158,-1.82,-3.10,-1.62
addsub,addsub_d4,tier,64/32x2/16x4,two_ghz,0.500,0.499925,2.000300,true,276.123599,0.143084,0.636496,0.099879,0.536616,addsub_minmax_tier_ppa.csv,276.123599,0.143084,0.636496,0.00,0.00,0.00,ppa_summary.csv,281.984400,0.151689,0.645942,-2.08,-5.67,-1.46
addsub,addsub_d8,tier,64/32x2/16x4/8x8,one_ghz,1.000,0.999645,1.000355,true,236.563200,0.115866,0.556849,0.094420,0.462429,,,,,,,,,,,,,,
addsub,addsub_d8,tier,64/32x2/16x4/8x8,two_ghz,0.500,0.499809,2.000764,true,299.788799,0.161257,0.665242,0.110696,0.554546,,,,,,,,,,,,,,
addsub,addsub_fix_64,fixed,64,one_ghz,1.000,0.999519,1.000481,true,173.959202,0.064079,0.470908,0.056193,0.414715,ppa_summary.csv,173.959202,0.064079,0.470908,0.00,0.00,0.00,,,,,,,
addsub,addsub_fix_64,fixed,64,two_ghz,0.500,0.499992,2.000032,true,207.214800,0.083095,0.523717,0.065296,0.458421,ppa_summary.csv,207.214800,0.083095,0.523717,0.00,0.00,0.00,,,,,,,
addsub,addsub_fix_32x2,fixed,32x2,one_ghz,1.000,0.996843,1.003167,true,263.469603,0.085748,0.990480,0.106493,0.883987,ppa_summary.csv,264.357603,0.085225,0.980578,-0.34,0.61,1.01,,,,,,,
addsub,addsub_fix_32x2,fixed,32x2,two_ghz,0.500,0.499780,2.000880,true,312.931203,0.129509,1.056600,0.152241,0.904364,ppa_summary.csv,312.931203,0.129509,1.056600,0.00,-0.00,0.00,,,,,,,
addsub,addsub_fix_16x4,fixed,16x4,one_ghz,1.000,0.987982,1.012164,true,110.111996,0.038301,0.256827,0.048241,0.208586,ppa_summary.csv,109.845596,0.038077,0.256774,0.24,0.59,0.02,,,,,,,
addsub,addsub_fix_16x4,fixed,16x4,two_ghz,0.500,0.499949,2.000204,true,168.231602,0.065736,0.430823,0.060166,0.370657,ppa_summary.csv,168.231602,0.065736,0.430823,0.00,0.00,-0.00,,,,,,,
addsub,addsub_fix_8x8,fixed,8x8,one_ghz,1.000,0.631512,1.583501,true,105.050396,0.035927,0.222170,0.044826,0.177344,,,,,,,,,,,,,,
addsub,addsub_fix_8x8,fixed,8x8,two_ghz,0.500,0.497002,2.012064,true,105.938396,0.036925,0.222931,0.045311,0.177620,,,,,,,,,,,,,,
minmax,minmax_m1,tier,64,one_ghz,1.000,0.999804,1.000196,true,118.769998,0.057854,0.343493,0.039730,0.303763,addsub_minmax_tier_ppa.csv,109.179598,0.043008,0.437546,8.78,34.52,-21.50,,,,,,,
minmax,minmax_m1,tier,64,two_ghz,0.500,0.498822,2.004723,true,116.150399,0.047815,0.274050,0.036695,0.237355,addsub_minmax_tier_ppa.csv,116.150399,0.047815,0.274050,0.00,0.00,-0.00,,,,,,,
minmax,minmax_m2,tier,64/32x2,one_ghz,1.000,0.999674,1.000326,true,113.486398,0.041285,0.356712,0.029385,0.327327,addsub_minmax_tier_ppa.csv,106.915198,0.034859,0.347558,6.15,18.43,2.63,,,,,,,
minmax,minmax_m2,tier,64/32x2,two_ghz,0.500,0.499819,2.000724,true,126.362399,0.047843,0.306226,0.033063,0.273163,addsub_minmax_tier_ppa.csv,126.362399,0.047843,0.306226,0.00,0.00,-0.00,,,,,,,
minmax,minmax_m4,tier,64/32x2/16x4,one_ghz,1.000,0.999748,1.000252,true,119.213998,0.044398,0.424642,0.033574,0.391067,addsub_minmax_tier_ppa.csv,120.190798,0.046315,0.431539,-0.81,-4.14,-1.60,ppa_summary.csv,120.190798,0.046315,0.431539,-0.81,-4.14,-1.60
minmax,minmax_m4,tier,64/32x2/16x4,two_ghz,0.500,0.499787,2.000852,true,141.902400,0.059265,0.334106,0.043937,0.290168,addsub_minmax_tier_ppa.csv,141.902400,0.059265,0.334106,0.00,-0.00,-0.00,ppa_summary.csv,141.902400,0.059265,0.334106,0.00,-0.00,-0.00
minmax,minmax_fix_64,fixed,64,one_ghz,1.000,0.999370,1.000630,true,105.228000,0.035899,0.257416,0.030375,0.227041,addsub_minmax_tier_ppa.csv,103.407600,0.034749,0.259136,1.76,3.31,-0.66,ppa_summary.csv,103.407600,0.034749,0.259136,1.76,3.31,-0.66
minmax,minmax_fix_64,fixed,64,two_ghz,0.500,0.498328,2.006710,true,130.491600,0.053417,0.292136,0.033722,0.258414,addsub_minmax_tier_ppa.csv,130.491600,0.053417,0.292136,0.00,-0.00,0.00,ppa_summary.csv,130.491600,0.053417,0.292136,0.00,-0.00,0.00
minmax,minmax_fix_32x2,fixed,32x2,one_ghz,1.000,0.999186,1.000815,true,138.527999,0.062287,0.379367,0.042283,0.337084,addsub_minmax_tier_ppa.csv,138.128398,0.064155,0.368215,0.29,-2.91,3.03,ppa_summary.csv,138.128398,0.064155,0.368215,0.29,-2.91,3.03
minmax,minmax_fix_32x2,fixed,32x2,two_ghz,0.500,0.499239,2.003049,true,111.088801,0.040123,0.289298,0.032959,0.256339,addsub_minmax_tier_ppa.csv,111.088801,0.040123,0.289298,0.00,0.00,-0.00,ppa_summary.csv,111.088801,0.040123,0.289298,0.00,0.00,-0.00
minmax,minmax_fix_16x4,fixed,16x4,one_ghz,1.000,0.999365,1.000635,true,93.595199,0.033305,0.316937,0.025160,0.291777,addsub_minmax_tier_ppa.csv,95.992799,0.036924,0.334208,-2.50,-9.80,-5.17,ppa_summary.csv,95.992799,0.036924,0.334208,-2.50,-9.80,-5.17
minmax,minmax_fix_16x4,fixed,16x4,two_ghz,0.500,0.499723,2.001109,true,99.589200,0.034325,0.259323,0.026965,0.232358,addsub_minmax_tier_ppa.csv,99.589200,0.034325,0.259323,0.00,0.00,0.00,ppa_summary.csv,99.589200,0.034325,0.259323,0.00,0.00,0.00
cmp,cmp_c1,tier,64,one_ghz,1.000,0.984158,1.016097,true,85.736400,0.025907,0.207919,0.016373,0.191546,tier_ladders/ppa.csv,83.250000,0.023742,0.202380,2.99,9.12,2.74,,,,,,,
cmp,cmp_c1,tier,64,two_ghz,0.500,0.499846,2.000616,true,117.038399,0.045501,0.240319,0.023399,0.216920,tier_ladders/ppa.csv,117.038399,0.045501,0.240319,0.00,0.00,0.00,,,,,,,
cmp,cmp_c2,tier,64/32x2,one_ghz,1.000,0.999096,1.000905,true,90.931200,0.027427,0.222834,0.018060,0.204775,tier_ladders/ppa.csv,88.222800,0.025416,0.222309,3.07,7.91,0.24,,,,,,,
cmp,cmp_c2,tier,64/32x2,two_ghz,0.500,0.499929,2.000284,true,119.391599,0.047004,0.244183,0.022292,0.221891,tier_ladders/ppa.csv,119.391599,0.047004,0.244183,0.00,0.00,0.00,,,,,,,
cmp,cmp_c4,tier,64/32x2/16x4,one_ghz,1.000,0.999328,1.000672,true,145.853998,0.057690,0.309945,0.030338,0.279607,tier_ladders/ppa.csv,144.122399,0.055501,0.305136,1.20,3.94,1.58,ppa_summary.csv,144.122399,0.055501,0.305136,1.20,3.94,1.58
cmp,cmp_c4,tier,64/32x2/16x4,two_ghz,0.500,0.499709,2.001165,true,222.133198,0.106841,0.356930,0.038973,0.317957,tier_ladders/ppa.csv,222.133198,0.106841,0.356930,0.00,0.00,0.00,ppa_summary.csv,222.133198,0.106841,0.356930,0.00,-0.00,0.00
cmp,cmp_c8,tier,64/32x2/16x4/8x8,one_ghz,1.000,0.999830,1.000170,true,148.384799,0.060736,0.325929,0.032880,0.293050,tier_ladders/ppa.csv,145.853999,0.057404,0.326448,1.74,5.80,-0.16,,,,,,,
cmp,cmp_c8,tier,64/32x2/16x4/8x8,two_ghz,0.500,0.499972,2.000112,true,244.555198,0.124740,0.383492,0.048182,0.335310,tier_ladders/ppa.csv,244.555198,0.124740,0.383492,0.00,0.00,0.00,,,,,,,
cmp,cmp_fix_64,fixed,64,one_ghz,1.000,0.998670,1.001332,true,93.195600,0.028047,0.212798,0.020941,0.191857,ppa_summary.csv,92.929200,0.027846,0.213280,0.29,0.72,-0.23,,,,,,,
cmp,cmp_fix_64,fixed,64,two_ghz,0.500,0.499970,2.000120,true,121.744800,0.049364,0.246457,0.028472,0.217984,ppa_summary.csv,121.744800,0.049364,0.246457,0.00,0.00,-0.00,,,,,,,
cmp,cmp_fix_32x2,fixed,32x2,one_ghz,1.000,0.999805,1.000195,true,132.800399,0.049369,0.312195,0.033641,0.278554,ppa_summary.csv,119.524800,0.042034,0.233334,11.11,17.45,33.80,,,,,,,
cmp,cmp_fix_32x2,fixed,32x2,two_ghz,0.500,0.499570,2.001721,true,102.475200,0.040047,0.246280,0.019431,0.226849,ppa_summary.csv,102.475200,0.040047,0.246280,0.00,-0.00,0.00,,,,,,,
cmp,cmp_fix_16x4,fixed,16x4,one_ghz,1.000,0.995907,1.004110,true,97.058400,0.026235,0.303469,0.019482,0.283987,ppa_summary.csv,97.902000,0.026717,0.259626,-0.86,-1.80,16.89,,,,,,,
cmp,cmp_fix_16x4,fixed,16x4,two_ghz,0.500,0.499773,2.000908,true,119.436000,0.046123,0.293096,0.029688,0.263408,ppa_summary.csv,119.436000,0.046123,0.293096,0.00,0.00,-0.00,,,,,,,
cmp,cmp_fix_8x8,fixed,8x8,one_ghz,1.000,0.997838,1.002167,true,101.365200,0.027274,0.260120,0.018058,0.242062,,,,,,,,,,,,,,
cmp,cmp_fix_8x8,fixed,8x8,two_ghz,0.500,0.499936,2.000256,true,130.003200,0.053347,0.286778,0.027891,0.258886,,,,,,,,,,,,,,
abs,abs_a1,tier,64,one_ghz,1.000,0.995457,1.004564,true,133.466402,0.052010,0.215481,0.041678,0.173804,tier_ladders/ppa.csv,133.466402,0.052010,0.215481,0.00,0.00,0.00,ppa_summary.csv,137.329202,0.051982,0.198389,-2.81,0.05,8.62
abs,abs_a1,tier,64,two_ghz,0.500,0.499731,2.001077,true,174.270001,0.082706,0.220780,0.047273,0.173508,tier_ladders/ppa.csv,174.270001,0.082706,0.220780,0.00,0.00,0.00,ppa_summary.csv,174.270001,0.082706,0.220780,0.00,0.00,0.00
abs,abs_a2,tier,64/32x2,one_ghz,1.000,0.997880,1.002125,true,156.110402,0.065469,0.241467,0.044072,0.197395,tier_ladders/ppa.csv,141.325202,0.055420,0.220840,10.46,18.13,9.34,,,,,,,
abs,abs_a2,tier,64/32x2,two_ghz,0.500,0.499997,2.000012,true,175.690801,0.085916,0.247035,0.048419,0.198617,tier_ladders/ppa.csv,175.690801,0.085916,0.247035,0.00,0.00,0.00,,,,,,,
abs,abs_a3,tier,64/32x2/16x4,one_ghz,1.000,0.999666,1.000334,true,154.689602,0.063200,0.317007,0.051861,0.265146,tier_ladders/ppa.csv,155.133602,0.065369,0.268606,-0.29,-3.32,18.02,ppa_summary.csv,155.133602,0.065369,0.268606,-0.29,-3.32,18.02
abs,abs_a3,tier,64/32x2/16x4,two_ghz,0.500,0.499909,2.000364,true,201.442801,0.105446,0.301127,0.060146,0.240981,tier_ladders/ppa.csv,201.442801,0.105446,0.301127,0.00,0.00,0.00,ppa_summary.csv,201.442801,0.105446,0.301127,0.00,-0.00,-0.00
abs,abs_fix_32x2,fixed,32x2,one_ghz,1.000,0.999916,1.000084,true,120.146398,0.043608,0.369997,0.023770,0.346227,ppa_summary.csv,123.032398,0.046545,0.307964,-2.35,-6.31,20.14,,,,,,,
abs,abs_fix_32x2,fixed,32x2,two_ghz,0.500,0.499240,2.003045,true,132.978001,0.048467,0.173665,0.032102,0.141563,ppa_summary.csv,132.978001,0.048467,0.173665,0.00,0.00,-0.00,,,,,,,
abs,abs_fix_16x4,fixed,16x4,one_ghz,1.000,0.999984,1.000016,true,66.822001,0.021420,0.096962,0.009737,0.087225,ppa_summary.csv,69.352801,0.023192,0.096376,-3.65,-7.64,0.61,,,,,,,
abs,abs_fix_16x4,fixed,16x4,two_ghz,0.500,0.499893,2.000428,true,89.155200,0.033778,0.103095,0.011884,0.091210,ppa_summary.csv,89.155200,0.033778,0.103095,0.00,0.00,-0.00,,,,,,,
barrel,barrel_bs1,tier,64,one_ghz,1.000,0.999774,1.000226,true,334.198796,0.127242,1.290400,0.072002,1.218400,tier_ladders/ppa.csv,315.239997,0.119859,1.222300,6.01,6.16,5.57,ppa_summary.csv,315.239997,0.119859,1.222300,6.01,6.16,5.57
barrel,barrel_bs1,tier,64,two_ghz,0.500,0.499981,2.000076,true,643.977600,0.341512,1.511600,0.184432,1.327100,tier_ladders/ppa.csv,643.977600,0.341512,1.511600,0.00,0.00,0.00,ppa_summary.csv,643.977600,0.341512,1.511600,0.00,0.00,0.00
barrel,barrel_bs2,tier,64/32x2,one_ghz,1.000,0.999617,1.000383,true,357.686396,0.139004,1.287900,0.074195,1.213700,tier_ladders/ppa.csv,368.830797,0.154621,1.304400,-3.02,-10.10,-1.26,,,,,,,
barrel,barrel_bs2,tier,64/32x2,two_ghz,0.500,0.499953,2.000188,true,607.702795,0.318039,1.444300,0.161331,1.283000,tier_ladders/ppa.csv,607.702795,0.318039,1.444300,0.00,0.00,0.00,,,,,,,
barrel,barrel_bs3,tier,64/32x2/16x4,one_ghz,1.000,0.999745,1.000255,true,391.696796,0.154816,1.435700,0.086661,1.349100,tier_ladders/ppa.csv,404.350797,0.162481,1.436800,-3.13,-4.72,-0.08,ppa_summary.csv,404.350797,0.162481,1.436800,-3.13,-4.72,-0.08
barrel,barrel_bs3,tier,64/32x2/16x4,two_ghz,0.500,0.499985,2.000060,true,762.259194,0.417944,1.710900,0.217673,1.493200,tier_ladders/ppa.csv,762.259194,0.417944,1.710900,0.00,0.00,0.00,ppa_summary.csv,762.259194,0.417944,1.710900,0.00,0.00,0.00
barrel,barrel_fix_32x2,fixed,32x2,one_ghz,1.000,0.999666,1.000334,true,263.691596,0.091746,0.949717,0.052604,0.897113,ppa_summary.csv,266.799596,0.092030,0.969729,-1.16,-0.31,-2.06,,,,,,,
barrel,barrel_fix_32x2,fixed,32x2,two_ghz,0.500,0.499902,2.000392,true,349.605595,0.157919,0.962067,0.068825,0.893242,ppa_summary.csv,349.605595,0.157919,0.962067,0.00,0.00,0.00,,,,,,,
barrel,barrel_fix_16x4,fixed,16x4,one_ghz,1.000,0.999478,1.000522,true,197.668797,0.069325,0.785120,0.047214,0.737906,ppa_summary.csv,202.597197,0.074860,0.803952,-2.43,-7.39,-2.34,,,,,,,
barrel,barrel_fix_16x4,fixed,16x4,two_ghz,0.500,0.499685,2.001261,true,279.320398,0.141612,0.849234,0.076633,0.772601,ppa_summary.csv,279.320398,0.141612,0.849234,0.00,-0.00,-0.00,,,,,,,
fp_cmp,fp_cmp_g1,tier,FP64,one_ghz,1.000,0.999970,1.000030,true,105.139199,0.031126,0.222308,0.017935,0.204373,tier_ladders/ppa.csv,105.139199,0.031126,0.222308,0.00,0.00,0.00,,,,,,,
fp_cmp,fp_cmp_g1,tier,FP64,two_ghz,0.500,0.499605,2.001581,true,129.514799,0.054254,0.244003,0.030444,0.213559,tier_ladders/ppa.csv,129.514799,0.054254,0.244003,0.00,0.00,0.00,,,,,,,
fp_cmp,fp_cmp_g2,tier,FP64/FP32x2,one_ghz,1.000,0.999859,1.000141,true,109.889999,0.036201,0.230624,0.018968,0.211656,tier_ladders/ppa.csv,107.181599,0.028534,0.223308,2.53,26.87,3.28,,,,,,,
fp_cmp,fp_cmp_g2,tier,FP64/FP32x2,two_ghz,0.500,0.499857,2.000572,true,138.305999,0.052455,0.267977,0.026811,0.241166,tier_ladders/ppa.csv,138.305999,0.052455,0.267977,0.00,0.00,0.00,,,,,,,
fp_cmp,fp_cmp_g3,tier,FP64/FP32x2/FP16x4,one_ghz,1.000,0.999635,1.000365,true,124.319999,0.039283,0.281443,0.023022,0.258422,tier_ladders/ppa.csv,124.586399,0.038685,0.274507,-0.21,1.55,2.53,ppa_summary.csv,124.319999,0.039283,0.281443,0.00,0.00,0.00
fp_cmp,fp_cmp_g3,tier,FP64/FP32x2/FP16x4,two_ghz,0.500,0.499973,2.000108,true,161.393999,0.061669,0.294370,0.032423,0.261947,tier_ladders/ppa.csv,161.393999,0.061669,0.294370,0.00,0.00,0.00,ppa_summary.csv,161.393999,0.061669,0.294370,0.00,0.00,0.00
fp_cmp,fp_cmp_fix_64,fixed,FP64,one_ghz,1.000,0.999012,1.000989,true,111.621599,0.038828,0.231751,0.023335,0.208416,ppa_summary.csv,111.133199,0.038427,0.230425,0.44,1.04,0.58,,,,,,,
fp_cmp,fp_cmp_fix_64,fixed,FP64,two_ghz,0.500,0.499939,2.000244,true,153.402000,0.056426,0.313576,0.030765,0.282811,ppa_summary.csv,153.402000,0.056426,0.313576,0.00,0.00,-0.00,,,,,,,
fp_cmp,fp_cmp_fix_32x2,fixed,FP32x2,one_ghz,1.000,0.999383,1.000617,true,121.522799,0.037668,0.249390,0.021910,0.227480,ppa_summary.csv,122.055599,0.037621,0.252584,-0.44,0.12,-1.26,,,,,,,
fp_cmp,fp_cmp_fix_32x2,fixed,FP32x2,two_ghz,0.500,0.499775,2.000900,true,156.554400,0.058680,0.280156,0.025493,0.254663,ppa_summary.csv,156.554400,0.058680,0.280156,0.00,-0.00,0.00,,,,,,,
fp_cmp,fp_cmp_fix_16x4,fixed,FP16x4,one_ghz,1.000,0.999885,1.000115,true,109.401599,0.030743,0.297534,0.019222,0.278312,ppa_summary.csv,109.312800,0.033871,0.248082,0.08,-9.24,19.93,,,,,,,
fp_cmp,fp_cmp_fix_16x4,fixed,FP16x4,two_ghz,0.500,0.499950,2.000200,true,139.193999,0.054822,0.284245,0.030628,0.253617,ppa_summary.csv,139.193999,0.054822,0.284245,0.00,0.00,0.00,,,,,,,
fp_minmax,fp_minmax_m1,tier,FP64,one_ghz,1.000,0.998490,1.001512,true,116.771998,0.037837,0.327904,0.023829,0.304075,tier_ladders/ppa.csv,116.771998,0.037837,0.327904,0.00,0.00,0.00,,,,,,,
fp_minmax,fp_minmax_m1,tier,FP64,two_ghz,0.500,0.499010,2.003968,true,147.985199,0.063124,0.338439,0.032712,0.305727,tier_ladders/ppa.csv,147.985199,0.063124,0.338439,0.00,0.00,0.00,,,,,,,
fp_minmax,fp_minmax_m2,tier,FP64/FP32x2,one_ghz,1.000,0.999913,1.000087,true,131.867999,0.044267,0.378161,0.027891,0.350270,tier_ladders/ppa.csv,133.155599,0.043944,0.380004,-0.97,0.74,-0.48,,,,,,,
fp_minmax,fp_minmax_m2,tier,FP64/FP32x2,two_ghz,0.500,0.499815,2.000740,true,171.206398,0.076297,0.386393,0.045042,0.341351,tier_ladders/ppa.csv,171.206398,0.076297,0.386393,0.00,0.00,0.00,,,,,,,
fp_minmax,fp_minmax_m3,tier,FP64/FP32x2/FP16x4,one_ghz,1.000,0.999969,1.000031,true,157.664399,0.061107,0.424704,0.041269,0.383435,tier_ladders/ppa.csv,161.038799,0.063666,0.427467,-2.10,-4.02,-0.65,ppa_summary.csv,157.664399,0.061107,0.424704,0.00,0.00,-0.00
fp_minmax,fp_minmax_m3,tier,FP64/FP32x2/FP16x4,two_ghz,0.500,0.499902,2.000392,true,201.753598,0.095383,0.422023,0.056286,0.365737,tier_ladders/ppa.csv,201.753598,0.095383,0.422023,0.00,0.00,0.00,ppa_summary.csv,201.753598,0.095383,0.422023,0.00,0.00,-0.00
fp_minmax,fp_minmax_fix_64,fixed,FP64,one_ghz,1.000,0.995212,1.004811,true,138.883199,0.046987,0.340820,0.032184,0.308636,ppa_summary.csv,133.643998,0.050114,0.354459,3.92,-6.24,-3.85,,,,,,,
fp_minmax,fp_minmax_fix_64,fixed,FP64,two_ghz,0.500,0.499939,2.000244,true,159.928798,0.068844,0.366123,0.034657,0.331466,ppa_summary.csv,159.928798,0.068844,0.366123,0.00,0.00,0.00,,,,,,,
fp_minmax,fp_minmax_fix_32x2,fixed,FP32x2,one_ghz,1.000,0.999721,1.000279,true,127.738799,0.043210,0.338271,0.029888,0.308383,ppa_summary.csv,127.871999,0.044530,0.326527,-0.10,-2.96,3.60,,,,,,,
fp_minmax,fp_minmax_fix_32x2,fixed,FP32x2,two_ghz,0.500,0.499935,2.000260,true,176.756399,0.077429,0.371072,0.039598,0.331475,ppa_summary.csv,176.756399,0.077429,0.371072,0.00,0.00,0.00,,,,,,,
fp_minmax,fp_minmax_fix_16x4,fixed,FP16x4,one_ghz,1.000,0.999953,1.000047,true,105.938399,0.031053,0.294351,0.023860,0.270491,ppa_summary.csv,106.737599,0.030448,0.291678,-0.75,1.99,0.92,,,,,,,
fp_minmax,fp_minmax_fix_16x4,fixed,FP16x4,two_ghz,0.500,0.499750,2.001001,true,135.997199,0.059207,0.326736,0.039894,0.286842,ppa_summary.csv,135.997199,0.059207,0.326736,0.00,-0.00,-0.00,,,,,,,
rounding,rounding_g1,tier,FP64,one_ghz,1.000,0.999970,1.000030,true,658.318799,0.334024,0.553509,0.070896,0.482613,tier_ladders/ppa.csv,613.252799,0.302167,0.493619,7.35,10.54,12.13,ppa_summary.csv,613.252799,0.302167,0.493619,7.35,10.54,12.13
rounding,rounding_g1,tier,FP64,two_ghz,0.500,0.597832,1.672711,false,1384.125595,0.965000,0.894544,0.170065,0.724480,tier_ladders/ppa.csv,1384.125595,0.965000,0.894544,0.00,0.00,0.00,ppa_summary.csv,1384.125595,0.965000,0.894544,0.00,-0.00,0.00
rounding,rounding_g2,tier,FP64/FP32x2,one_ghz,1.000,0.999729,1.000271,true,1028.481598,0.531672,0.883716,0.116972,0.766744,tier_ladders/ppa.csv,1028.481598,0.531672,0.883716,0.00,0.00,0.00,,,,,,,
rounding,rounding_g2,tier,FP64/FP32x2,two_ghz,0.500,0.551408,1.813539,false,1805.259592,1.216400,1.339600,0.245560,1.094100,tier_ladders/ppa.csv,1805.259592,1.216400,1.339600,0.00,0.00,0.00,,,,,,,
rounding,rounding_g3,tier,FP64/FP32x2/FP16x4,one_ghz,1.000,0.999586,1.000414,true,1136.995196,0.567821,1.089100,0.121945,0.967161,tier_ladders/ppa.csv,1256.786395,0.650348,1.324400,-9.53,-12.69,-17.77,ppa_summary.csv,1256.786395,0.650348,1.324400,-9.53,-12.69,-17.77
rounding,rounding_g3,tier,FP64/FP32x2/FP16x4,two_ghz,0.500,0.550626,1.816115,false,2156.685591,1.454600,1.645500,0.296488,1.349000,tier_ladders/ppa.csv,2156.685591,1.454600,1.645500,0.00,0.00,0.00,ppa_summary.csv,2156.685591,1.454600,1.645500,0.00,0.00,0.00
rounding,rounding_fix_32x2,fixed,FP32x2,one_ghz,1.000,0.999996,1.000004,true,454.567200,0.196717,0.574896,0.057534,0.517362,ppa_summary.csv,456.742800,0.200554,0.576233,-0.48,-1.91,-0.23,,,,,,,
rounding,rounding_fix_32x2,fixed,FP32x2,two_ghz,0.500,0.499831,2.000676,true,774.779994,0.454073,0.763716,0.114929,0.648788,ppa_summary.csv,774.779994,0.454073,0.763716,0.00,-0.00,0.00,,,,,,,
rounding,rounding_fix_16x4,fixed,FP16x4,one_ghz,1.000,0.999740,1.000260,true,274.969201,0.106406,0.434505,0.044021,0.390484,ppa_summary.csv,269.596801,0.102300,0.431849,1.99,4.01,0.62,,,,,,,
rounding,rounding_fix_16x4,fixed,FP16x4,two_ghz,0.500,0.499938,2.000248,true,479.875198,0.262263,0.629018,0.080786,0.548231,ppa_summary.csv,479.875198,0.262263,0.629018,0.00,-0.00,-0.00,,,,,,,
mult,mult_k64,tier,64,one_ghz,1.000,0.999958,1.000042,true,4847.858363,2.993400,19.820700,3.746600,16.074100,mult_karatsuba_64_32_ppa.csv,4830.142764,2.969400,20.602500,0.37,0.81,-3.79,mult_karatsuba_ppa.csv,4830.142764,2.969400,20.602500,0.37,0.81,-3.79
mult,mult_k64,tier,64,two_ghz,0.500,0.931239,1.073838,false,5403.701959,3.542200,21.346700,4.416700,16.930000,mult_karatsuba_64_32_ppa.csv,5403.701959,3.542200,21.346700,0.00,0.00,0.00,,,,,,,
mult,mult_k64_32,tier,64/32x2,one_ghz,1.000,0.999689,1.000311,true,3525.448789,1.892000,14.015000,2.588600,11.426300,mult_karatsuba_64_32_ppa.csv,3525.448789,1.892000,14.015000,0.00,0.00,0.00,,,,,,,
mult,mult_k64_32,tier,64/32x2,two_ghz,0.500,0.745928,1.340612,false,4725.447595,3.208300,17.569300,4.084300,13.485100,mult_karatsuba_64_32_ppa.csv,4725.447595,3.208300,17.569300,0.00,0.00,0.00,,,,,,,
mult,mult_k64_32_16,tier,64/32x2/16x4,one_ghz,1.000,0.999940,1.000060,true,5206.965570,3.278900,21.373300,4.242900,17.130400,ppa_summary.csv,4982.701168,3.098700,21.118900,4.50,5.82,1.20,mult_karatsuba_ppa.csv,5206.965570,3.278900,21.373300,0.00,0.00,0.00
mult,mult_k64_32_16,tier,64/32x2/16x4,two_ghz,0.500,0.971435,1.029405,false,5368.359560,3.482700,21.835100,4.460200,17.374900,ppa_summary.csv,5368.359560,3.482700,21.835100,0.00,0.00,0.00,,,,,,,
mult,mult_kfix_32x2,fixed_karatsuba,32x2,one_ghz,1.000,0.999988,1.000012,true,1787.233187,0.923487,6.773100,1.340600,5.432500,mult_karatsuba_64_32_ppa.csv,1704.160784,0.850630,6.334200,4.87,8.57,6.93,mult_karatsuba_ppa.csv,1704.160784,0.850630,6.334200,4.87,8.57,6.93
mult,mult_kfix_32x2,fixed_karatsuba,32x2,two_ghz,0.500,0.579319,1.726165,false,3260.469585,2.266300,10.960900,2.439500,8.521400,mult_karatsuba_64_32_ppa.csv,3260.469585,2.266300,10.960900,0.00,0.00,0.00,,,,,,,
mult,mult_kfix_16x4,fixed_karatsuba,16x4,one_ghz,1.000,0.999714,1.000286,true,595.847982,0.245129,1.706600,0.373630,1.333000,mult_karatsuba_ppa.csv,600.021581,0.252904,1.714100,-0.70,-3.07,-0.44,,,,,,,
mult,mult_kfix_16x4,fixed_karatsuba,16x4,two_ghz,0.500,0.499835,2.000660,true,765.544791,0.377487,2.638900,0.486736,2.152200,,,,,,,,,,,,,,
mult,mult_dwfix_64,fixed_designware,64,one_ghz,1.000,0.999911,1.000089,true,2280.783562,1.098900,9.620700,1.837100,7.783600,ppa_summary.csv,2256.940759,1.060200,9.064500,1.06,3.65,6.14,,,,,,,
mult,mult_dwfix_64,fixed_designware,64,two_ghz,0.500,0.522399,1.914246,false,3708.199196,2.551600,11.944200,3.140700,8.803600,ppa_summary.csv,3708.199196,2.551600,11.944200,0.00,0.00,0.00,,,,,,,
mult,mult_dwfix_32x2,fixed_designware,32x2,one_ghz,1.000,0.999841,1.000159,true,1228.015187,0.495328,5.342600,0.898836,4.443800,ppa_summary.csv,1171.582780,0.445226,4.582900,4.82,11.25,16.58,,,,,,,
mult,mult_dwfix_32x2,fixed_designware,32x2,two_ghz,0.500,0.499983,2.000068,true,1827.592795,1.184800,5.190400,1.356400,3.833900,ppa_summary.csv,1827.592795,1.184800,5.190400,0.00,0.00,0.00,,,,,,,
mult,mult_dwfix_16x4,fixed_designware,16x4,one_ghz,1.000,0.999714,1.000286,true,595.847982,0.245129,1.706600,0.373630,1.333000,ppa_summary.csv,600.021581,0.252904,1.714100,-0.70,-3.07,-0.44,,,,,,,
mult,mult_dwfix_16x4,fixed_designware,16x4,two_ghz,0.500,0.499835,2.000660,true,765.544791,0.377487,2.638900,0.486736,2.152200,ppa_summary.csv,765.544791,0.377487,2.638900,0.00,0.00,0.00,,,,,,,
