family,from_tier,to_tier,capability_added,corner,prev_area_um2,new_area_um2,area_overhead_percent,static_overhead_percent,dynamic_overhead_percent,fmax_change_percent,timing_met,orig_source,orig_area_overhead_percent,orig_static_overhead_percent,orig_dynamic_overhead_percent,delta_area_pp,delta_static_pp,delta_dynamic_pp
addsub,addsub_d1,addsub_d2,64/32x2,one_ghz,182.262002,178.798801,-1.900,-5.148,-4.246,0.113,true,addsub_minmax_tier_ppa.csv,1.414,0.832,-5.027,-3.314,-5.980,0.781
addsub,addsub_d1,addsub_d2,64/32x2,two_ghz,228.216001,249.261600,9.222,18.185,8.596,-0.021,true,addsub_minmax_tier_ppa.csv,9.222,18.184,8.596,0.000,0.001,-0.000
addsub,addsub_d2,addsub_d4,64/32x2/16x4,one_ghz,178.798801,184.659601,3.278,6.746,12.022,-0.132,true,addsub_minmax_tier_ppa.csv,4.435,7.525,10.819,-1.157,-0.779,1.203
addsub,addsub_d2,addsub_d4,64/32x2/16x4,two_ghz,249.261600,276.123599,10.777,16.509,12.225,0.011,true,addsub_minmax_tier_ppa.csv,10.777,16.509,12.225,0.000,-0.000,0.000
addsub,addsub_d4,addsub_d8,64/32x2/16x4/8x8,one_ghz,184.659601,236.563200,28.108,62.150,1.224,0.020,true,,,,,,,
addsub,addsub_d4,addsub_d8,64/32x2/16x4/8x8,two_ghz,276.123599,299.788799,8.571,12.700,4.516,0.023,true,,,,,,,
minmax,minmax_m1,minmax_m2,64/32x2,one_ghz,118.769998,113.486398,-4.449,-28.640,3.848,0.013,true,addsub_minmax_tier_ppa.csv,-2.074,-18.948,-20.567,-2.375,-9.692,24.415
minmax,minmax_m1,minmax_m2,64/32x2,two_ghz,116.150399,126.362399,8.792,0.059,11.741,-0.199,true,addsub_minmax_tier_ppa.csv,8.792,0.059,11.741,0.000,-0.000,0.000
minmax,minmax_m2,minmax_m4,64/32x2/16x4,one_ghz,113.486398,119.213998,5.047,7.540,19.043,-0.007,true,addsub_minmax_tier_ppa.csv,12.417,32.864,24.163,-7.370,-25.324,-5.120
minmax,minmax_m2,minmax_m4,64/32x2/16x4,two_ghz,126.362399,141.902400,12.298,23.872,9.104,0.006,true,addsub_minmax_tier_ppa.csv,12.298,23.874,9.104,0.000,-0.002,0.000
cmp,cmp_c1,cmp_c2,64/32x2,one_ghz,85.736400,90.931200,6.059,5.866,7.174,-1.495,true,tier_ladders/marginal.csv,5.973,7.051,9.847,0.086,-1.185,-2.674
cmp,cmp_c1,cmp_c2,64/32x2,two_ghz,117.038399,119.391599,2.011,3.304,1.608,-0.017,true,tier_ladders/marginal.csv,2.011,3.304,1.608,0.000,0.000,0.000
cmp,cmp_c2,cmp_c4,64/32x2/16x4,one_ghz,90.931200,145.853998,60.400,110.338,39.092,-0.023,true,tier_ladders/marginal.csv,63.362,118.367,37.258,-2.961,-8.029,1.834
cmp,cmp_c2,cmp_c4,64/32x2/16x4,two_ghz,119.391599,222.133198,86.054,127.302,46.173,0.044,true,tier_ladders/marginal.csv,86.054,127.302,46.173,0.000,0.000,0.000
cmp,cmp_c4,cmp_c8,64/32x2/16x4/8x8,one_ghz,145.853998,148.384799,1.735,5.280,5.157,-0.050,true,tier_ladders/marginal.csv,1.201,3.427,6.984,0.534,1.853,-1.827
cmp,cmp_c4,cmp_c8,64/32x2/16x4/8x8,two_ghz,222.133198,244.555198,10.094,16.753,7.442,-0.053,true,tier_ladders/marginal.csv,10.094,16.753,7.442,0.000,0.000,0.000
abs,abs_a1,abs_a2,64/32x2,one_ghz,133.466402,156.110402,16.966,25.879,12.059,-0.243,true,tier_ladders/marginal.csv,5.888,6.557,2.487,11.078,19.322,9.573
abs,abs_a1,abs_a2,64/32x2,two_ghz,174.270001,175.690801,0.815,3.882,11.892,-0.053,true,tier_ladders/marginal.csv,0.815,3.882,11.892,0.000,0.000,0.000
abs,abs_a2,abs_a3,64/32x2/16x4,one_ghz,156.110402,154.689602,-0.910,-3.466,31.284,-0.179,true,tier_ladders/marginal.csv,9.771,17.951,21.629,-10.681,-21.417,9.655
abs,abs_a2,abs_a3,64/32x2/16x4,two_ghz,175.690801,201.442801,14.658,22.731,21.896,0.018,true,tier_ladders/marginal.csv,14.658,22.731,21.896,0.000,0.000,0.000
barrel,barrel_bs1,barrel_bs2,64/32x2,one_ghz,334.198796,357.686396,7.028,9.243,-0.194,0.016,true,tier_ladders/marginal.csv,17.000,29.002,6.717,-9.972,-19.759,-6.911
barrel,barrel_bs1,barrel_bs2,64/32x2,two_ghz,643.977600,607.702795,-5.633,-6.873,-4.452,0.006,true,tier_ladders/marginal.csv,-5.633,-6.873,-4.452,0.000,0.000,0.000
barrel,barrel_bs2,barrel_bs3,64/32x2/16x4,one_ghz,357.686396,391.696796,9.508,11.375,11.476,-0.013,true,tier_ladders/marginal.csv,9.630,5.083,10.150,-0.122,6.292,1.326
barrel,barrel_bs2,barrel_bs3,64/32x2/16x4,two_ghz,607.702795,762.259194,25.433,31.413,18.459,-0.006,true,tier_ladders/marginal.csv,25.433,31.413,18.459,0.000,0.000,0.000
fp_cmp,fp_cmp_g1,fp_cmp_g2,FP64/FP32x2,one_ghz,105.139199,109.889999,4.519,16.307,3.741,0.011,true,tier_ladders/marginal.csv,1.943,-8.325,0.450,2.576,24.632,3.291
fp_cmp,fp_cmp_g1,fp_cmp_g2,FP64/FP32x2,two_ghz,129.514799,138.305999,6.788,-3.316,9.825,-0.050,true,tier_ladders/marginal.csv,6.788,-3.316,9.825,0.000,0.000,0.000
fp_cmp,fp_cmp_g2,fp_cmp_g3,FP64/FP32x2/FP16x4,one_ghz,109.889999,124.319999,13.131,8.513,22.035,0.022,true,tier_ladders/marginal.csv,16.239,35.575,22.927,-3.107,-27.062,-0.892
fp_cmp,fp_cmp_g2,fp_cmp_g3,FP64/FP32x2/FP16x4,two_ghz,138.305999,161.393999,16.693,17.567,9.849,-0.023,true,tier_ladders/marginal.csv,16.693,17.567,9.849,0.000,0.000,0.000
fp_minmax,fp_minmax_m1,fp_minmax_m2,FP64/FP32x2,one_ghz,116.771998,131.867999,12.928,16.995,15.327,-0.142,true,tier_ladders/marginal.csv,14.030,16.140,15.889,-1.103,0.855,-0.562
fp_minmax,fp_minmax_m1,fp_minmax_m2,FP64/FP32x2,two_ghz,147.985199,171.206398,15.692,20.869,14.169,-0.161,true,tier_ladders/marginal.csv,15.692,20.869,14.169,0.000,0.000,0.000
fp_minmax,fp_minmax_m2,fp_minmax_m3,FP64/FP32x2/FP16x4,one_ghz,131.867999,157.664399,19.562,38.041,12.308,-0.006,true,tier_ladders/marginal.csv,20.940,44.881,12.490,-1.378,-6.840,-0.182
fp_minmax,fp_minmax_m2,fp_minmax_m3,FP64/FP32x2/FP16x4,two_ghz,171.206398,201.753598,17.842,25.016,9.221,-0.017,true,tier_ladders/marginal.csv,17.842,25.016,9.221,0.000,0.000,0.000
rounding,rounding_g1,rounding_g2,FP64/FP32x2,one_ghz,658.318799,1028.481598,56.229,59.172,59.657,0.024,true,tier_ladders/marginal.csv,67.709,75.953,79.028,-11.481,-16.781,-19.371
rounding,rounding_g1,rounding_g2,FP64/FP32x2,two_ghz,1384.125595,1805.259592,30.426,26.052,49.752,8.419,false,tier_ladders/marginal.csv,30.426,26.052,49.752,0.000,0.000,0.000
rounding,rounding_g2,rounding_g3,FP64/FP32x2/FP16x4,one_ghz,1028.481598,1136.995196,10.551,6.799,23.241,0.014,true,tier_ladders/marginal.csv,22.198,22.321,49.867,-11.647,-15.522,-26.626
rounding,rounding_g2,rounding_g3,FP64/FP32x2/FP16x4,two_ghz,1805.259592,2156.685591,19.467,19.582,22.835,0.142,false,tier_ladders/marginal.csv,19.467,19.582,22.835,0.000,0.000,0.000
mult,mult_k64,mult_k64_32,64/32x2,one_ghz,4847.858363,3525.448789,-27.278,-36.794,-29.291,0.027,true,mult_karatsuba_64_32_ppa.csv,-27.011,-36.283,-31.974,-0.267,-0.511,2.683
mult,mult_k64,mult_k64_32,64/32x2,two_ghz,5403.701959,4725.447595,-12.552,-9.426,-17.695,24.843,false,mult_karatsuba_64_32_ppa.csv,-12.552,-9.426,-17.695,0.000,0.000,0.000
mult,mult_k64_32,mult_k64_32_16,64/32x2/16x4,one_ghz,3525.448789,5206.965570,47.697,73.303,52.503,-0.025,true,mult_karatsuba_64_32_ppa.csv -> ppa_summary.csv,41.335,63.779,50.688,6.361,9.524,1.815
mult,mult_k64_32,mult_k64_32_16,64/32x2/16x4,two_ghz,4725.447595,5368.359560,13.605,8.553,24.280,-23.214,false,mult_karatsuba_64_32_ppa.csv -> ppa_summary.csv,13.605,8.553,24.280,0.000,0.000,0.000
