family,decomposable,capability,bank,bank_components,corner,bank_area_um2,dec_area_um2,area_saving_percent,bank_static_uw,dec_static_uw,static_saving_percent,bank_dynamic_mw,dec_dynamic_mw,dynamic_saving_percent,timing_met,orig_source,orig_area_saving_percent,orig_static_saving_percent,orig_dynamic_saving_percent,delta_area_pp,delta_static_pp,delta_dynamic_pp
addsub,addsub_d4,64/32x2/16x4,64 + 32x2 + 16x4,addsub_fix_64 + addsub_fix_32x2 + addsub_fix_16x4,one_ghz,547.540801,184.659601,66.275,0.188129,0.071456,62.018,1.718215,0.550115,67.983,true,savings_summary.csv,65.689,60.644,67.267,0.585,1.373,0.716
addsub,addsub_d4,64/32x2/16x4,64 + 32x2 + 16x4,addsub_fix_64 + addsub_fix_32x2 + addsub_fix_16x4,two_ghz,688.377605,276.123599,59.888,0.278340,0.143084,48.594,2.011140,0.636496,68.351,true,savings_summary.csv,59.036,45.502,67.882,0.851,3.091,0.470
addsub,addsub_d8,64/32x2/16x4/8x8,64 + 32x2 + 16x4 + 8x8,addsub_fix_64 + addsub_fix_32x2 + addsub_fix_16x4 + addsub_fix_8x8,one_ghz,652.591197,236.563200,63.750,0.224056,0.115866,48.287,1.940385,0.556849,71.302,true,,,,,,,
addsub,addsub_d8,64/32x2/16x4/8x8,64 + 32x2 + 16x4 + 8x8,addsub_fix_64 + addsub_fix_32x2 + addsub_fix_16x4 + addsub_fix_8x8,two_ghz,794.316001,299.788799,62.258,0.315265,0.161257,48.850,2.234071,0.665242,70.223,true,,,,,,,
minmax,minmax_m4,64/32x2/16x4,64 + 32x2 + 16x4,minmax_fix_64 + minmax_fix_32x2 + minmax_fix_16x4,one_ghz,337.351198,119.213998,64.662,0.131491,0.044398,66.235,0.953720,0.424642,55.475,true,savings_summary.csv,64.391,65.902,55.121,0.271,0.333,0.354
minmax,minmax_m4,64/32x2/16x4,64 + 32x2 + 16x4,minmax_fix_64 + minmax_fix_32x2 + minmax_fix_16x4,two_ghz,341.169601,141.902400,58.407,0.127865,0.059265,53.650,0.840757,0.334106,60.261,true,savings_summary.csv,58.407,53.650,60.261,-0.000,0.000,0.000
cmp,cmp_c4,64/32x2/16x4,64 + 32x2 + 16x4,cmp_fix_64 + cmp_fix_32x2 + cmp_fix_16x4,one_ghz,323.054399,145.853998,54.852,0.103651,0.057690,44.342,0.828462,0.309945,62.588,true,savings_summary.csv,53.562,42.544,56.794,1.289,1.799,5.794
cmp,cmp_c4,64/32x2/16x4,64 + 32x2 + 16x4,cmp_fix_64 + cmp_fix_32x2 + cmp_fix_16x4,two_ghz,343.656000,222.133198,35.362,0.135535,0.106841,21.171,0.785833,0.356930,54.579,true,savings_summary.csv,35.362,21.170,54.579,-0.000,0.000,-0.000
cmp,cmp_c8,64/32x2/16x4/8x8,64 + 32x2 + 16x4 + 8x8,cmp_fix_64 + cmp_fix_32x2 + cmp_fix_16x4 + cmp_fix_8x8,one_ghz,424.419599,148.384799,65.038,0.130925,0.060736,53.610,1.088582,0.325929,70.059,true,,,,,,,
cmp,cmp_c8,64/32x2/16x4/8x8,64 + 32x2 + 16x4 + 8x8,cmp_fix_64 + cmp_fix_32x2 + cmp_fix_16x4 + cmp_fix_8x8,two_ghz,473.659200,244.555198,48.369,0.188882,0.124740,33.959,1.072610,0.383492,64.247,true,,,,,,,
abs,abs_a3,64/32x2/16x4,a1 + 32x2 + 16x4,abs_a1 + abs_fix_32x2 + abs_fix_16x4,one_ghz,320.434801,154.689602,51.725,0.117038,0.063200,46.000,0.682440,0.317007,53.548,true,savings_summary.csv,52.949,46.295,55.435,-1.224,-0.295,-1.887
abs,abs_a3,64/32x2/16x4,a1 + 32x2 + 16x4,abs_a1 + abs_fix_32x2 + abs_fix_16x4,two_ghz,396.403202,201.442801,49.182,0.164952,0.105446,36.075,0.497540,0.301127,39.477,true,savings_summary.csv,49.182,36.074,39.477,-0.000,0.000,0.000
barrel,barrel_bs3,64/32x2/16x4,bs1 + 32x2 + 16x4,barrel_bs1 + barrel_fix_32x2 + barrel_fix_16x4,one_ghz,795.559189,391.696796,50.765,0.288314,0.154816,46.303,3.025237,1.435700,52.543,true,savings_summary.csv,48.467,43.337,52.042,2.298,2.966,0.500
barrel,barrel_bs3,64/32x2/16x4,bs1 + 32x2 + 16x4,barrel_bs1 + barrel_fix_32x2 + barrel_fix_16x4,two_ghz,1272.903593,762.259194,40.117,0.641043,0.417944,34.802,3.322901,1.710900,48.512,true,savings_summary.csv,40.117,34.803,48.512,0.000,-0.000,0.000
fp_cmp,fp_cmp_g3,FP64/FP32x2/FP16x4,DW FP64 + FP32x2 + FP16x4,fp_cmp_fix_64 + fp_cmp_fix_32x2 + fp_cmp_fix_16x4,one_ghz,342.545997,124.319999,63.707,0.107239,0.039283,63.369,0.778675,0.281443,63.856,true,savings_summary.csv,63.702,64.262,61.504,0.005,-0.893,2.352
fp_cmp,fp_cmp_g3,FP64/FP32x2/FP16x4,DW FP64 + FP32x2 + FP16x4,fp_cmp_fix_64 + fp_cmp_fix_32x2 + fp_cmp_fix_16x4,two_ghz,449.150399,161.393999,64.067,0.169928,0.061669,63.709,0.877977,0.294370,66.472,true,savings_summary.csv,64.067,63.709,66.472,-0.000,-0.000,0.000
fp_minmax,fp_minmax_m3,FP64/FP32x2/FP16x4,DW FP64 + FP32x2 + FP16x4,fp_minmax_fix_64 + fp_minmax_fix_32x2 + fp_minmax_fix_16x4,one_ghz,372.560397,157.664399,57.681,0.121250,0.061107,49.602,0.973442,0.424704,56.371,true,savings_summary.csv,57.186,51.150,56.336,0.495,-1.548,0.035
fp_minmax,fp_minmax_m3,FP64/FP32x2/FP16x4,DW FP64 + FP32x2 + FP16x4,fp_minmax_fix_64 + fp_minmax_fix_32x2 + fp_minmax_fix_16x4,two_ghz,472.682396,201.753598,57.317,0.205480,0.095383,53.580,1.063931,0.422023,60.334,true,savings_summary.csv,57.317,53.580,60.334,0.000,-0.000,0.000
rounding,rounding_g3,FP64/FP32x2/FP16x4,g1 + FP32x2 + FP16x4,rounding_g1 + rounding_fix_32x2 + rounding_fix_16x4,one_ghz,1387.855200,1136.995196,18.075,0.637147,0.567821,10.881,1.562911,1.089100,30.316,true,savings_summary.csv,6.181,-7.492,11.807,11.894,18.373,18.509
rounding,rounding_g3,FP64/FP32x2/FP16x4,g1 + FP32x2 + FP16x4,rounding_g1 + rounding_fix_32x2 + rounding_fix_16x4,two_ghz,2638.780787,2156.685591,18.270,1.681335,1.454600,13.485,2.287278,1.645500,28.059,false,,,,,,,
mult,mult_k64_32_16,64/32x2/16x4,DW 64 + 32x2 + 16x4,mult_dwfix_64 + mult_dwfix_32x2 + mult_dwfix_16x4,one_ghz,4104.646731,5206.965570,-26.855,1.839357,3.278900,-78.263,16.669900,21.373300,-28.215,true,savings_summary.csv,-23.685,-76.230,-37.479,-3.171,-2.034,9.264
mult,mult_k64_32_16,64/32x2/16x4,DW 64 + 32x2 + 16x4,mult_dwfix_64 + mult_dwfix_32x2 + mult_dwfix_16x4,two_ghz,6301.336782,5368.359560,14.806,4.113887,3.482700,15.343,19.773500,21.835100,-10.426,false,,,,,,,
mult,mult_k64_32_16,64/32x2/16x4,Karatsuba 64 + 32x2 + 16x4,mult_k64 + mult_kfix_32x2 + mult_kfix_16x4,one_ghz,7230.939532,5206.965570,27.990,4.162016,3.278900,21.218,28.300400,21.373300,24.477,true,mult_karatsuba_savings.csv,27.015,19.495,25.401,0.975,1.723,-0.924
mult,mult_k64_32_16,64/32x2/16x4,Karatsuba 64 + 32x2 + 16x4,mult_k64 + mult_kfix_32x2 + mult_kfix_16x4,two_ghz,9429.716335,5368.359560,43.070,6.185987,3.482700,43.700,34.946500,21.835100,37.518,false,,,,,,,
mult,mult_k64_32,64/32x2,DW 64 + 32x2,mult_dwfix_64 + mult_dwfix_32x2,one_ghz,3508.798749,3525.448789,-0.475,1.594228,1.892000,-18.678,14.963300,14.015000,6.338,true,mult_karatsuba_64_32_savings.csv,-2.827,-25.679,-2.694,2.353,7.001,9.031
mult,mult_k64_32,64/32x2,DW 64 + 32x2,mult_dwfix_64 + mult_dwfix_32x2,two_ghz,5535.791991,4725.447595,14.638,3.736400,3.208300,14.134,17.134600,17.569300,-2.537,false,mult_karatsuba_64_32_savings.csv,14.638,14.134,-2.537,-0.000,-0.000,0.000
mult,mult_k64_32,64/32x2,Karatsuba 64 + 32x2,mult_k64 + mult_kfix_32x2,one_ghz,6635.091550,3525.448789,46.867,3.916887,1.892000,51.696,26.593800,14.015000,47.300,true,mult_karatsuba_64_32_savings.csv,46.047,50.472,47.971,0.820,1.225,-0.671
mult,mult_k64_32,64/32x2,Karatsuba 64 + 32x2,mult_k64 + mult_kfix_32x2,two_ghz,8664.171544,4725.447595,45.460,5.808500,3.208300,44.765,32.307600,17.569300,45.619,false,mult_karatsuba_64_32_savings.csv,45.460,44.765,45.619,-0.000,-0.000,-0.000
addsub,addsub_d1,64,standalone 64,addsub_fix_64,one_ghz,173.959202,182.262002,-4.773,0.064079,0.070573,-10.133,0.470908,0.512856,-8.908,true,,,,,,,
addsub,addsub_d1,64,standalone 64,addsub_fix_64,two_ghz,207.214800,228.216001,-10.135,0.083095,0.103913,-25.053,0.523717,0.522269,0.277,true,,,,,,,
minmax,minmax_m1,64,fu_min_max 64,minmax_fix_64,one_ghz,105.228000,118.769998,-12.869,0.035899,0.057854,-61.158,0.257416,0.343493,-33.439,true,,,,,,,
minmax,minmax_m1,64,fu_min_max 64,minmax_fix_64,two_ghz,130.491600,116.150399,10.990,0.053417,0.047815,10.486,0.292136,0.274050,6.191,true,,,,,,,
cmp,cmp_c1,64,standalone 64,cmp_fix_64,one_ghz,93.195600,85.736400,8.004,0.028047,0.025907,7.627,0.212798,0.207919,2.293,true,,,,,,,
cmp,cmp_c1,64,standalone 64,cmp_fix_64,two_ghz,121.744800,117.038399,3.866,0.049364,0.045501,7.827,0.246457,0.240319,2.491,true,,,,,,,
fp_cmp,fp_cmp_g1,FP64,DW FP64,fp_cmp_fix_64,one_ghz,111.621599,105.139199,5.807,0.038828,0.031126,19.838,0.231751,0.222308,4.075,true,revised_fp_fus/savings.csv,5.394,19.000,3.523,0.414,0.838,0.552
fp_cmp,fp_cmp_g1,FP64,DW FP64,fp_cmp_fix_64,two_ghz,153.402000,129.514799,15.572,0.056426,0.054254,3.850,0.313576,0.244003,22.187,true,revised_fp_fus/savings.csv,15.572,3.850,22.187,0.000,0.000,0.000
fp_minmax,fp_minmax_m1,FP64,DW FP64,fp_minmax_fix_64,one_ghz,138.883199,116.771998,15.921,0.046987,0.037837,19.475,0.340820,0.327904,3.790,true,revised_fp_fus/savings.csv,12.625,24.499,7.492,3.296,-5.025,-3.702
fp_minmax,fp_minmax_m1,FP64,DW FP64,fp_minmax_fix_64,two_ghz,159.928798,147.985199,7.468,0.068844,0.063124,8.309,0.366123,0.338439,7.561,true,revised_fp_fus/savings.csv,7.468,8.309,7.561,0.000,0.000,0.000
mult,mult_k64,64,DW 64,mult_dwfix_64,one_ghz,2280.783562,4847.858363,-112.552,1.098900,2.993400,-172.400,9.620700,19.820700,-106.021,true,,,,,,,
mult,mult_k64,64,DW 64,mult_dwfix_64,two_ghz,3708.199196,5403.701959,-45.723,2.551600,3.542200,-38.823,11.944200,21.346700,-78.720,false,,,,,,,
