family,from_tier,to_tier,capability,corner,previous_area_um2,new_area_um2,area_overhead_percent,previous_power_mw,new_power_mw,power_overhead_percent,previous_leakage_uw,new_leakage_uw,leakage_overhead_percent,previous_fmax_ghz,new_fmax_ghz,frequency_change_percent,comparison_valid,notes
abs,a1,a2,64/32x2,one_ghz,133.466402,141.325202,5.88822346465892,0.21548130000000001,0.2208399,2.486805119516167,0.0520097,0.055419899999999994,6.556853817653237,1.00456373304,1.00013701877,-0.44066037070677233,True,adjacent capability overhead; uniform synthetic activity
abs,a1,a2,64/32x2,two_ghz,174.270001,175.690801,0.8152866195255175,0.2207804,0.2470353,11.891861777585342,0.08270609999999999,0.08591639999999999,3.8815758450706777,2.0010765792,2.00001200007,-0.053200319321388106,True,adjacent capability overhead; uniform synthetic activity
abs,a2,a3,64/32x2/16x4,one_ghz,141.325202,155.133602,9.770656474985973,0.2208399,0.268606,21.629288910201467,0.055419899999999994,0.0653686,17.951493957946525,1.00013701877,1.00000400002,-0.013300052643161682,True,adjacent capability overhead; uniform synthetic activity
abs,a2,a3,64/32x2/16x4,two_ghz,175.690801,201.442801,14.657568781873792,0.2470353,0.30112680000000003,21.89626340850883,0.08591639999999999,0.10544589999999998,22.730817399239253,2.00001200007,2.00036406626,0.01760320388016338,True,adjacent capability overhead; uniform synthetic activity
cmp,c1,c2,64/32x2,one_ghz,83.25,88.2228,5.973333333333342,0.20237960000000002,0.2223089,9.847484627897268,0.023742399999999997,0.025416499999999998,7.05109845676933,1.0020090281,1.0012305123,-0.07769548758220318,True,adjacent capability overhead; uniform synthetic activity
cmp,c1,c2,64/32x2,two_ghz,117.038399,119.391599,2.0106221719591373,0.24031850000000002,0.24418330000000002,1.608199119085714,0.045500700000000005,0.0470039,3.3036854378064424,2.00061618979,2.00028404033,-0.016602357898294215,True,adjacent capability overhead; uniform synthetic activity
cmp,c2,c4,64/32x2/16x4,one_ghz,88.2228,144.122399,63.361850904754775,0.2223089,0.3051364,37.25784257850224,0.025416499999999998,0.055501299999999996,118.36720240788465,1.0012305123,1.00084270956,-0.038732613043233444,True,adjacent capability overhead; uniform synthetic activity
cmp,c2,c4,64/32x2/16x4,two_ghz,119.391599,222.133198,86.05429516024824,0.24418330000000002,0.35693040000000004,46.17314124266484,0.0470039,0.10684089999999999,127.30220258318988,2.00028404033,2.00116467784,0.044025622973755695,True,adjacent capability overhead; uniform synthetic activity
cmp,c4,c8,64/32x2/16x4/8x8,one_ghz,144.122399,145.853999,1.2014787514048986,0.3051364,0.32644819999999997,6.984351916061143,0.055501299999999996,0.05740359999999999,3.4274872840816264,1.00084270956,1.00062338837,-0.02191365215584588,True,adjacent capability overhead; uniform synthetic activity
cmp,c4,c8,64/32x2/16x4/8x8,two_ghz,222.133198,244.555198,10.093943724701608,0.35693040000000004,0.3834923,7.441758953566288,0.10684089999999999,0.12473969999999998,16.752760412913027,2.00116467784,2.00011200627,-0.052602945757362025,True,adjacent capability overhead; uniform synthetic activity
barrel_shift,bs1,bs2,64/32x2,one_ghz,315.239997,368.830797,17.0000001617815,1.2223,1.3044,6.7168452916632635,0.119859,0.1546211,29.00249459781912,1.0001860346,1.0000600036,-0.012600755823427782,True,adjacent capability overhead; uniform synthetic activity
barrel_shift,bs1,bs2,64/32x2,two_ghz,643.9776,607.702795,-5.632929623639085,1.5116,1.4443,-4.452236041280771,0.341512,0.3180387,-6.873345592541398,2.00007600289,2.00018801767,0.005600526171912839,True,adjacent capability overhead; uniform synthetic activity
barrel_shift,bs2,bs3,64/32x2/16x4,one_ghz,368.830797,404.350797,9.630432243975543,1.3044,1.4368,10.150260656240423,0.1546211,0.1624811,5.083394181001156,1.0000600036,1.00013501823,0.007501012912214168,True,adjacent capability overhead; uniform synthetic activity
barrel_shift,bs2,bs3,64/32x2/16x4,two_ghz,607.702795,762.259194,25.432892570454598,1.4443,1.7109,18.45876895381847,0.3180387,0.41794420000000004,31.41300099641963,2.00018801767,2.0000600018,-0.006400191825428156,True,adjacent capability overhead; uniform synthetic activity
rounding,g1,g2,FP64/FP32x2,one_ghz,613.252799,1028.481598,67.70923829081457,0.4936186,0.8837161,79.02812009109867,0.3021667,0.5316719999999999,75.95320728591201,1.00004400194,1.00027107346,0.022706152885213073,True,adjacent capability overhead; uniform synthetic activity
rounding,g1,g2,FP64/FP32x2,two_ghz,1384.125595,1805.259592,30.425995915493505,0.8945443000000001,1.3396,49.75222579809628,0.9649998,1.2164,26.05183959623618,1.6727107281,1.81353915794,8.419174186798234,False,adjacent capability overhead; uniform synthetic activity
rounding,g2,g3,FP64/FP32x2/FP16x4,one_ghz,1028.481598,1256.786395,22.198238397649966,0.8837161,1.3244,49.867134931682244,0.5316719999999999,0.6503482,22.321318406837324,1.00027107346,1.00016502723,-0.010601749147175604,True,adjacent capability overhead; uniform synthetic activity
rounding,g2,g3,FP64/FP32x2/FP16x4,two_ghz,1805.259592,2156.685591,19.466784752583095,1.3396,1.6455,22.835174679008666,1.2164,1.4546,19.582374219006905,1.81353915794,1.81611474939,0.14202017302596853,False,adjacent capability overhead; uniform synthetic activity
fp_cmp,g1,g2,FP64/FP32x2,one_ghz,168.3204,205.349999,21.999471840608738,0.5982082000000001,0.6530178,9.162295000302553,0.061444099999999995,0.0811551,32.079565002986456,1.00038714983,1.00000600004,-0.03810022850302668,True,adjacent capability overhead; uniform synthetic activity
fp_cmp,g1,g2,FP64/FP32x2,two_ghz,221.600401,350.093999,57.984370705177554,0.4616526,0.6440735,39.5147563340919,0.0979877,0.18380979999999997,87.58456418509667,2.00020002,2.00214229225,0.0971039011388465,True,adjacent capability overhead; uniform synthetic activity
fp_cmp,g2,g3,FP64/FP32x2/FP16x4,one_ghz,205.349999,257.741999,25.513513637757566,0.6530178,0.7267579,11.29220367346801,0.0811551,0.1127517,38.93359751882507,1.00000600004,1.00056531941,0.05593160140815206,True,adjacent capability overhead; uniform synthetic activity
fp_cmp,g2,g3,FP64/FP32x2/FP16x4,two_ghz,350.093999,410.078399,17.1337984002405,0.6440735,0.7581264999999999,17.70807213772962,0.18380979999999997,0.22765939999999998,23.855964154250763,2.00214229225,2.00007200259,-0.103403722503319,True,adjacent capability overhead; uniform synthetic activity
fp_minmax,m1,m2,FP64/FP32x2,one_ghz,230.835597,253.5684,9.848049129095106,0.6680370000000001,0.6223296,-6.842046174089168,0.1061957,0.10165489999999999,-4.275879343513919,1.00112726931,1.00030409244,-0.08222499728404661,True,adjacent capability overhead; uniform synthetic activity
fp_minmax,m1,m2,FP64/FP32x2,two_ghz,301.032,346.453199,15.088495243030641,0.7006697000000001,0.7195431999999999,2.69363724448194,0.1461983,0.1770311,21.08971171347409,2.00000800003,2.0000200002,0.0006000060999845567,True,adjacent capability overhead; uniform synthetic activity
fp_minmax,m2,m3,FP64/FP32x2/FP16x4,one_ghz,253.5684,304.4508,20.066538259499218,0.6223296,0.7558517,21.45520637295735,0.10165489999999999,0.1305025,28.37797292604685,1.00030409244,1.00005800336,-0.02460142689207006,True,adjacent capability overhead; uniform synthetic activity
fp_minmax,m2,m3,FP64/FP32x2/FP16x4,two_ghz,346.453199,461.404798,33.179546135465195,0.7195431999999999,0.9601882,33.44413511238799,0.1770311,0.2645074,49.412956254579,2.0000200002,2.00034405918,0.016202786970509316,True,adjacent capability overhead; uniform synthetic activity
