family,tier,capability,corner,target_period_ns,achieved_delay_ns,fmax_ghz,cell_area_um2,total_area_um2,dynamic_power_mw,leakage_power_uw,energy_per_operation_pj,timing_met,activity_source
abs,a1,64,one_ghz,1.0,0.995457,1.00456373304,133.466402,322.179354,0.21548130000000001,0.0520097,0.2145023684539286,True,uniform_synthetic
abs,a1,64,two_ghz,0.5,0.499731,2.0010765792,174.270001,372.872172,0.2207804,0.08270609999999999,0.11033081007237847,True,uniform_synthetic
abs,a2,64/32x2,one_ghz,1.0,0.999863,1.00013701877,141.325202,322.9377,0.2208399,0.055419899999999994,0.220809644934047,True,uniform_synthetic
abs,a2,64/32x2,two_ghz,0.5,0.499997,2.00001200007,175.690801,363.569277,0.2470353,0.08591639999999999,0.12351690889422355,True,uniform_synthetic
abs,a3,64/32x2/16x4,one_ghz,1.0,0.999996,1.00000400002,155.133602,335.438949,0.268606,0.0653686,0.26860492557492566,True,uniform_synthetic
abs,a3,64/32x2/16x4,two_ghz,0.5,0.499909,2.00036406626,201.442801,389.521091,0.30112680000000003,0.10544589999999998,0.15053599746120447,True,uniform_synthetic
cmp,c1,64,one_ghz,1.0,0.997995,1.0020090281,83.25,208.019921,0.20237960000000002,0.023742399999999997,0.20197382890227075,True,uniform_synthetic
cmp,c1,64,two_ghz,0.5,0.499846,2.00061618979,117.038399,257.380326,0.24031850000000002,0.045500700000000005,0.12012224095078711,True,uniform_synthetic
cmp,c2,64/32x2,one_ghz,1.0,0.998771,1.0012305123,88.2228,222.901685,0.2223089,0.025416499999999998,0.2220356823618149,True,uniform_synthetic
cmp,c2,64/32x2,two_ghz,0.5,0.499929,2.00028404033,119.391599,264.266072,0.24418330000000002,0.0470039,0.12207431298592748,True,uniform_synthetic
cmp,c4,64/32x2/16x4,one_ghz,1.0,0.999158,1.00084270956,144.122399,329.674989,0.3051364,0.055501299999999996,0.3048794751516419,True,uniform_synthetic
cmp,c4,64/32x2/16x4,two_ghz,0.5,0.499709,2.00116467784,222.133198,432.11078,0.35693040000000004,0.10684089999999999,0.17836133325382325,True,uniform_synthetic
cmp,c8,64/32x2/16x4/8x8,one_ghz,1.0,0.999377,1.00062338837,145.853999,330.494673,0.32644819999999997,0.05740359999999999,0.32624482277171135,True,uniform_synthetic
cmp,c8,64/32x2/16x4/8x8,two_ghz,0.5,0.499972,2.00011200627,244.555198,458.246582,0.3834923,0.12473969999999998,0.19173541221582538,True,uniform_synthetic
barrel_shift,bs1,64,one_ghz,1.0,0.999814,1.0001860346,315.239997,1056.247531,1.2223,0.119859,1.2220726522029763,True,uniform_synthetic
barrel_shift,bs1,64,two_ghz,0.5,0.499981,2.00007600289,643.9776,1295.628133,1.5116,0.341512,0.7557712795992857,True,uniform_synthetic
barrel_shift,bs2,64/32x2,one_ghz,1.0,0.99994,1.0000600036,368.830797,1072.751809,1.3044,0.1546211,1.3043217360002817,True,uniform_synthetic
barrel_shift,bs2,64/32x2,two_ghz,0.5,0.499953,2.00018801767,607.702795,1271.862588,1.4443,0.3180387,0.7220821179013216,True,uniform_synthetic
barrel_shift,bs3,64/32x2/16x4,one_ghz,1.0,0.999865,1.00013501823,404.350797,1081.839766,1.4368,0.1624811,1.4366060319963527,True,uniform_synthetic
barrel_shift,bs3,64/32x2/16x4,two_ghz,0.5,0.499985,2.0000600018,762.259194,1430.462484,1.7109,0.41794420000000004,0.8554243365000231,True,uniform_synthetic
rounding,g1,FP64,one_ghz,1.0,0.999956,1.00004400194,613.252799,1197.592133,0.4936186,0.3021667,0.49359688077966773,True,uniform_synthetic
rounding,g1,FP64,two_ghz,0.5,0.597832,1.6727107281,1384.125595,2090.704429,0.8945443000000001,0.9649998,0.534787207956809,False,uniform_synthetic
rounding,g2,FP64/FP32x2,one_ghz,1.0,0.999729,1.00027107346,1028.481598,1928.974902,0.8837161,0.5316719999999999,0.8834766129377019,True,uniform_synthetic
rounding,g2,FP64/FP32x2,two_ghz,0.5,0.551408,1.81353915794,1805.259592,2778.900034,1.3396,1.2164,0.738666156798981,False,uniform_synthetic
rounding,g3,FP64/FP32x2/FP16x4,one_ghz,1.0,0.999835,1.00016502723,1256.786395,2401.979619,1.3244,0.6503482,1.3241814739993285,True,uniform_synthetic
rounding,g3,FP64/FP32x2/FP16x4,two_ghz,0.5,0.550626,1.81611474939,2156.685591,3383.537264,1.6455,1.4546,0.9060550830021581,False,uniform_synthetic
fp_cmp,g1,FP64,one_ghz,1.0,0.99997,1.0000300009,105.139199,269.893453,0.222308,0.0311257,0.222301330760006,True,uniform_synthetic
fp_cmp,g1,FP64,two_ghz,0.5,0.499605,2.00158124919,129.514799,293.667283,0.244003,0.0542537,0.12190511881480862,True,uniform_synthetic
fp_cmp,g2,FP64/FP32x2,one_ghz,1.0,0.99989,1.0001100121,107.181599,278.872705,0.2233081,0.028534399999999998,0.22328353610929721,True,uniform_synthetic
fp_cmp,g2,FP64/FP32x2,two_ghz,0.5,0.499857,2.00057216364,138.305999,322.975284,0.2679771,0.052454799999999996,0.13395022927461972,True,uniform_synthetic
fp_cmp,g3,FP64/FP32x2/FP16x4,one_ghz,1.0,0.999949,1.0000510026,124.586399,326.965696,0.2745066,0.0386854,0.27449260016371085,True,uniform_synthetic
fp_cmp,g3,FP64/FP32x2/FP16x4,two_ghz,0.5,0.499973,2.00010800583,161.393999,370.354325,0.29437,0.0616694,0.14717705201017034,True,uniform_synthetic
fp_minmax,m1,FP64,one_ghz,1.0,0.99849,1.00151228355,116.771998,311.815379,0.3279037,0.0378369,0.3274085654123977,True,uniform_synthetic
fp_minmax,m1,FP64,two_ghz,0.5,0.49901,2.00396785636,147.985199,342.715715,0.3384389,0.0631239,0.16888439548862783,True,uniform_synthetic
fp_minmax,m2,FP64/FP32x2,one_ghz,1.0,0.999638,1.00036213109,145.765198,355.27901,0.3647818,0.0550629,0.36464974898893043,True,uniform_synthetic
fp_minmax,m2,FP64/FP32x2,two_ghz,0.5,0.499177,2.00329742757,176.489999,392.907587,0.38527659999999997,0.08158779999999999,0.1923212173577942,True,uniform_synthetic
fp_minmax,m3,FP64/FP32x2/FP16x4,one_ghz,1.0,0.998931,1.00107014398,163.569599,410.203607,0.4279948,0.0599916,0.4275372735604736,True,uniform_synthetic
fp_minmax,m3,FP64/FP32x2/FP16x4,two_ghz,0.5,0.499587,2.00165336568,215.650798,472.06487,0.46789100000000006,0.0977466,0.23375226101700605,True,uniform_synthetic
