family,corner,tier,run,timing_met,cell_area_um2,dynamic_power_mw,leakage_power_uw,fmax_ghz
fp_minmax,one_ghz,m1,canonical,True,116.771998,0.327904,0.037837,1.001512
fp_minmax,one_ghz,m1,t1_repeat,True,116.771998,0.327904,0.037837,1.001512
fp_minmax,one_ghz,m1,t2_reverse,True,116.061599,0.332319,0.040693,1.001953
fp_minmax,one_ghz,m1,t3_fresh,True,116.771998,0.327904,0.037837,1.001512
fp_minmax,one_ghz,m1,min,,116.061599,0.327904,0.037837,1.001512
fp_minmax,one_ghz,m1,median,,116.771998,0.327904,0.037837,1.001512
fp_minmax,one_ghz,m1,max,,116.771998,0.332319,0.040693,1.001953
fp_minmax,one_ghz,m1,spread_percent,,0.608364,1.346523,7.548980,0.043986
fp_minmax,one_ghz,m2,canonical,True,145.765198,0.364782,0.055063,1.000362
fp_minmax,one_ghz,m2,t1_repeat,True,145.765198,0.364782,0.055063,1.000362
fp_minmax,one_ghz,m2,t2_reverse,True,145.765198,0.364782,0.055063,1.000362
fp_minmax,one_ghz,m2,t3_fresh,True,147.629999,0.363438,0.055974,1.000442
fp_minmax,one_ghz,m2,min,,145.765198,0.363438,0.055063,1.000362
fp_minmax,one_ghz,m2,median,,145.765198,0.364782,0.055063,1.000362
fp_minmax,one_ghz,m2,max,,147.629999,0.364782,0.055974,1.000442
fp_minmax,one_ghz,m2,spread_percent,,1.279318,0.368357,1.655198,0.008004
fp_minmax,one_ghz,m3,canonical,True,163.569599,0.427995,0.059992,1.001070
fp_minmax,one_ghz,m3,t1_repeat,True,163.569599,0.427995,0.059992,1.001070
fp_minmax,one_ghz,m3,t2_reverse,True,163.036799,0.445921,0.058549,1.000598
fp_minmax,one_ghz,m3,t3_fresh,True,163.036799,0.445921,0.058549,1.000598
fp_minmax,one_ghz,m3,min,,163.036799,0.427995,0.058549,1.000598
fp_minmax,one_ghz,m3,median,,163.036799,0.445921,0.058549,1.000598
fp_minmax,one_ghz,m3,max,,163.569599,0.445921,0.059992,1.001070
fp_minmax,one_ghz,m3,spread_percent,,0.326797,4.020147,2.463744,0.047150
fp_minmax,two_ghz,m1,canonical,True,147.985199,0.338439,0.063124,2.003968
fp_minmax,two_ghz,m1,t1_repeat,True,147.985199,0.338439,0.063124,2.003968
fp_minmax,two_ghz,m1,t2_reverse,True,147.985199,0.338439,0.063124,2.003968
fp_minmax,two_ghz,m1,t3_fresh,True,147.985199,0.338439,0.063124,2.003968
fp_minmax,two_ghz,m1,min,,147.985199,0.338439,0.063124,2.003968
fp_minmax,two_ghz,m1,median,,147.985199,0.338439,0.063124,2.003968
fp_minmax,two_ghz,m1,max,,147.985199,0.338439,0.063124,2.003968
fp_minmax,two_ghz,m1,spread_percent,,0.000000,0.000000,0.000000,0.000000
fp_minmax,two_ghz,m2,canonical,True,176.489999,0.385277,0.081588,2.003297
fp_minmax,two_ghz,m2,t1_repeat,True,176.489999,0.385277,0.081588,2.003297
fp_minmax,two_ghz,m2,t2_reverse,True,176.489999,0.385277,0.081588,2.003297
fp_minmax,two_ghz,m2,t3_fresh,True,176.489999,0.385277,0.081588,2.003297
fp_minmax,two_ghz,m2,min,,176.489999,0.385277,0.081588,2.003297
fp_minmax,two_ghz,m2,median,,176.489999,0.385277,0.081588,2.003297
fp_minmax,two_ghz,m2,max,,176.489999,0.385277,0.081588,2.003297
fp_minmax,two_ghz,m2,spread_percent,,0.000000,0.000000,0.000000,0.000000
fp_minmax,two_ghz,m3,canonical,True,215.650798,0.467891,0.097747,2.001653
fp_minmax,two_ghz,m3,t1_repeat,True,215.650798,0.467891,0.097747,2.001653
fp_minmax,two_ghz,m3,t2_reverse,True,215.650798,0.467891,0.097747,2.001653
fp_minmax,two_ghz,m3,t3_fresh,True,215.650798,0.467891,0.097747,2.001653
fp_minmax,two_ghz,m3,min,,215.650798,0.467891,0.097747,2.001653
fp_minmax,two_ghz,m3,median,,215.650798,0.467891,0.097747,2.001653
fp_minmax,two_ghz,m3,max,,215.650798,0.467891,0.097747,2.001653
fp_minmax,two_ghz,m3,spread_percent,,0.000000,0.000000,0.000000,0.000000
fp_cmp,one_ghz,g1,canonical,True,105.139199,0.222308,0.031126,1.000030
fp_cmp,one_ghz,g1,t1_repeat,True,105.139199,0.222308,0.031126,1.000030
fp_cmp,one_ghz,g1,t2_reverse,True,101.054400,0.228074,0.028693,1.000297
fp_cmp,one_ghz,g1,t3_fresh,True,105.139199,0.222308,0.031126,1.000030
fp_cmp,one_ghz,g1,min,,101.054400,0.222308,0.028693,1.000030
fp_cmp,one_ghz,g1,median,,105.139199,0.222308,0.031126,1.000030
fp_cmp,one_ghz,g1,max,,105.139199,0.228074,0.031126,1.000297
fp_cmp,one_ghz,g1,spread_percent,,3.885134,2.593654,7.814764,0.026708
fp_cmp,one_ghz,g2,canonical,True,107.181599,0.223308,0.028534,1.000110
fp_cmp,one_ghz,g2,t1_repeat,True,107.181599,0.223308,0.028534,1.000110
fp_cmp,one_ghz,g2,t2_reverse,True,107.181599,0.223308,0.028534,1.000110
fp_cmp,one_ghz,g2,t3_fresh,True,109.889999,0.230624,0.036201,1.000141
fp_cmp,one_ghz,g2,min,,107.181599,0.223308,0.028534,1.000110
fp_cmp,one_ghz,g2,median,,107.181599,0.223308,0.028534,1.000110
fp_cmp,one_ghz,g2,max,,109.889999,0.230624,0.036201,1.000141
fp_cmp,one_ghz,g2,spread_percent,,2.526926,3.276281,26.869323,0.003100
fp_cmp,one_ghz,g3,canonical,True,124.586399,0.274507,0.038685,1.000051
fp_cmp,one_ghz,g3,t1_repeat,True,124.586399,0.274507,0.038685,1.000051
fp_cmp,one_ghz,g3,t2_reverse,True,124.319999,0.281443,0.039283,1.000365
fp_cmp,one_ghz,g3,t3_fresh,True,124.319999,0.281443,0.039283,1.000365
fp_cmp,one_ghz,g3,min,,124.319999,0.274507,0.038685,1.000051
fp_cmp,one_ghz,g3,median,,124.319999,0.281443,0.039283,1.000365
fp_cmp,one_ghz,g3,max,,124.586399,0.281443,0.039283,1.000365
fp_cmp,one_ghz,g3,spread_percent,,0.214286,2.464723,1.521519,0.031402
fp_cmp,two_ghz,g1,canonical,True,129.514799,0.244003,0.054254,2.001581
fp_cmp,two_ghz,g1,t1_repeat,True,129.514799,0.244003,0.054254,2.001581
fp_cmp,two_ghz,g1,t2_reverse,True,129.514799,0.244003,0.054254,2.001581
fp_cmp,two_ghz,g1,t3_fresh,True,129.514799,0.244003,0.054254,2.001581
fp_cmp,two_ghz,g1,min,,129.514799,0.244003,0.054254,2.001581
fp_cmp,two_ghz,g1,median,,129.514799,0.244003,0.054254,2.001581
fp_cmp,two_ghz,g1,max,,129.514799,0.244003,0.054254,2.001581
fp_cmp,two_ghz,g1,spread_percent,,0.000000,0.000000,0.000000,0.000000
fp_cmp,two_ghz,g2,canonical,True,138.305999,0.267977,0.052455,2.000572
fp_cmp,two_ghz,g2,t1_repeat,True,138.305999,0.267977,0.052455,2.000572
fp_cmp,two_ghz,g2,t2_reverse,True,138.305999,0.267977,0.052455,2.000572
fp_cmp,two_ghz,g2,t3_fresh,True,138.305999,0.267977,0.052455,2.000572
fp_cmp,two_ghz,g2,min,,138.305999,0.267977,0.052455,2.000572
fp_cmp,two_ghz,g2,median,,138.305999,0.267977,0.052455,2.000572
fp_cmp,two_ghz,g2,max,,138.305999,0.267977,0.052455,2.000572
fp_cmp,two_ghz,g2,spread_percent,,0.000000,0.000000,0.000000,0.000000
fp_cmp,two_ghz,g3,canonical,True,161.393999,0.294370,0.061669,2.000108
fp_cmp,two_ghz,g3,t1_repeat,True,161.393999,0.294370,0.061669,2.000108
fp_cmp,two_ghz,g3,t2_reverse,True,161.393999,0.294370,0.061669,2.000108
fp_cmp,two_ghz,g3,t3_fresh,True,161.393999,0.294370,0.061669,2.000108
fp_cmp,two_ghz,g3,min,,161.393999,0.294370,0.061669,2.000108
fp_cmp,two_ghz,g3,median,,161.393999,0.294370,0.061669,2.000108
fp_cmp,two_ghz,g3,max,,161.393999,0.294370,0.061669,2.000108
fp_cmp,two_ghz,g3,spread_percent,,0.000000,0.000000,0.000000,0.000000
