family,decomposable,capability,bank,bank_components,corner,bank_area_um2,dec_area_um2,area_saving_percent,bank_static_uw,dec_static_uw,static_saving_percent,bank_dynamic_mw,dec_dynamic_mw,dynamic_saving_percent,comparable,rerun_area_saving_percent,rerun_static_saving_percent,rerun_dynamic_saving_percent,delta_area_pp,delta_static_pp,delta_dynamic_pp
addsub,addsub_d4,64/32x2/16x4,64 + 32x2 + 16x4,addsub_fix_64 + addsub_fix_32x2 + addsub_fix_16x4,one_ghz,547.540801,184.659601,66.275,0.188129,0.071456,62.018,1.718215,0.550115,67.983,true,66.275,62.018,67.983,-0.000,-0.000,0.000
addsub,addsub_d4,64/32x2/16x4,64 + 32x2 + 16x4,addsub_fix_64 + addsub_fix_32x2 + addsub_fix_16x4,two_ghz,688.377605,276.123599,59.888,0.278340,0.143084,48.594,2.011140,0.636496,68.351,true,59.888,48.594,68.351,-0.000,-0.000,0.000
addsub,addsub_d8,64/32x2/16x4/8x8,64 + 32x2 + 16x4 + 8x8,addsub_fix_64 + addsub_fix_32x2 + addsub_fix_16x4 + addsub_fix_8x8,one_ghz,652.591197,236.563200,63.750,0.224056,0.115866,48.287,1.940385,0.556849,71.302,true,63.750,48.287,71.302,0.000,0.000,0.000
addsub,addsub_d8,64/32x2/16x4/8x8,64 + 32x2 + 16x4 + 8x8,addsub_fix_64 + addsub_fix_32x2 + addsub_fix_16x4 + addsub_fix_8x8,two_ghz,794.316001,299.788799,62.258,0.315265,0.161257,48.850,2.234071,0.665242,70.223,true,62.258,48.850,70.223,0.000,0.000,-0.000
minmax,minmax_m4,64/32x2/16x4,64 + 32x2 + 16x4,minmax_fix_64 + minmax_fix_32x2 + minmax_fix_16x4,one_ghz,337.351198,119.213998,64.662,0.131491,0.044398,66.235,0.953720,0.424642,55.475,true,64.662,66.235,55.475,-0.000,0.000,0.000
minmax,minmax_m4,64/32x2/16x4,64 + 32x2 + 16x4,minmax_fix_64 + minmax_fix_32x2 + minmax_fix_16x4,two_ghz,341.169601,141.902400,58.407,0.127865,0.059265,53.650,0.840757,0.334106,60.261,true,58.407,53.650,60.261,0.000,0.000,0.000
cmp,cmp_c4,64/32x2/16x4,64 + 32x2 + 16x4,cmp_fix_64 + cmp_fix_32x2 + cmp_fix_16x4,one_ghz,323.054399,139.948799,56.679,0.103651,0.048956,52.768,0.828462,0.315142,61.961,true,54.852,44.342,62.588,1.827,8.426,-0.627
cmp,cmp_c4,64/32x2/16x4,64 + 32x2 + 16x4,cmp_fix_64 + cmp_fix_32x2 + cmp_fix_16x4,two_ghz,343.656000,230.435998,32.946,0.135535,0.111551,17.696,0.785833,0.367175,53.276,true,35.362,21.171,54.579,-2.416,-3.475,-1.303
cmp,cmp_c8,64/32x2/16x4/8x8,64 + 32x2 + 16x4 + 8x8,cmp_fix_64 + cmp_fix_32x2 + cmp_fix_16x4 + cmp_fix_8x8,one_ghz,424.419599,142.301999,66.471,0.130925,0.051391,60.748,1.088582,0.334018,69.316,true,65.038,53.610,70.059,1.433,7.138,-0.743
cmp,cmp_c8,64/32x2/16x4/8x8,64 + 32x2 + 16x4 + 8x8,cmp_fix_64 + cmp_fix_32x2 + cmp_fix_16x4 + cmp_fix_8x8,two_ghz,473.659200,241.136398,49.091,0.188882,0.121315,35.772,1.072610,0.384250,64.176,true,48.369,33.959,64.247,0.722,1.813,-0.071
abs,abs_a3,64/32x2/16x4,a1 + 32x2 + 16x4,abs_a1 + abs_fix_32x2 + abs_fix_16x4,one_ghz,320.434801,152.292002,52.473,0.117038,0.062147,46.900,0.682440,0.349751,48.750,true,51.725,46.000,53.548,0.748,0.900,-4.798
abs,abs_a3,64/32x2/16x4,a1 + 32x2 + 16x4,abs_a1 + abs_fix_32x2 + abs_fix_16x4,two_ghz,396.403202,201.087601,49.272,0.164952,0.106407,35.492,0.497540,0.308160,38.063,true,49.182,36.075,39.477,0.090,-0.583,-1.414
barrel,barrel_bs3,64/32x2/16x4,bs1 + 32x2 + 16x4,barrel_bs1 + barrel_fix_32x2 + barrel_fix_16x4,one_ghz,795.559189,390.897597,50.865,0.288314,0.155506,46.064,3.025237,1.421000,53.028,true,50.765,46.303,52.543,0.100,-0.239,0.485
barrel,barrel_bs3,64/32x2/16x4,bs1 + 32x2 + 16x4,barrel_bs1 + barrel_fix_32x2 + barrel_fix_16x4,two_ghz,1272.903593,736.729192,42.122,0.641043,0.399007,37.757,3.322901,1.683900,49.324,true,40.117,34.802,48.512,2.005,2.955,0.812
fp_cmp,fp_cmp_g3,FP64/FP32x2/FP16x4,DW FP64 + FP32x2 + FP16x4,fp_cmp_fix_64 + fp_cmp_fix_32x2 + fp_cmp_fix_16x4,one_ghz,342.545997,126.539999,63.059,0.107239,0.036564,65.904,0.778675,0.280406,63.989,true,63.707,63.369,63.856,-0.648,2.535,0.133
fp_cmp,fp_cmp_g3,FP64/FP32x2/FP16x4,DW FP64 + FP32x2 + FP16x4,fp_cmp_fix_64 + fp_cmp_fix_32x2 + fp_cmp_fix_16x4,two_ghz,449.150399,167.121599,62.792,0.169928,0.069168,59.296,0.877977,0.308013,64.918,true,64.067,63.709,66.472,-1.275,-4.413,-1.554
fp_minmax,fp_minmax_m3,FP64/FP32x2/FP16x4,DW FP64 + FP32x2 + FP16x4,fp_minmax_fix_64 + fp_minmax_fix_32x2 + fp_minmax_fix_16x4,one_ghz,372.560397,165.523199,55.571,0.121250,0.062275,48.639,0.973442,0.422665,56.580,true,57.681,49.602,56.371,-2.110,-0.963,0.209
fp_minmax,fp_minmax_m3,FP64/FP32x2/FP16x4,DW FP64 + FP32x2 + FP16x4,fp_minmax_fix_64 + fp_minmax_fix_32x2 + fp_minmax_fix_16x4,two_ghz,472.682396,206.859598,56.237,0.205480,0.097016,52.786,1.063931,0.438173,58.816,true,57.317,53.580,60.334,-1.080,-0.794,-1.518
rounding,rounding_g3,FP64/FP32x2/FP16x4,g1 + FP32x2 + FP16x4,rounding_g1 + rounding_fix_32x2 + rounding_fix_16x4,one_ghz,1387.855200,1202.440797,13.360,0.637147,0.626856,1.615,1.562911,1.240100,20.654,true,18.075,10.881,30.316,-4.715,-9.266,-9.662
rounding,rounding_g3,FP64/FP32x2/FP16x4,g1 + FP32x2 + FP16x4,rounding_g1 + rounding_fix_32x2 + rounding_fix_16x4,two_ghz,2680.205985,2134.840787,20.348,1.734735,1.454200,16.172,2.318209,1.617300,30.235,false,18.270,13.485,28.059,2.078,2.687,2.176
mult,mult_k64_32_16,64/32x2/16x4,DW 64 + 32x2 + 16x4,mult_dwfix_64 + mult_dwfix_32x2 + mult_dwfix_16x4,one_ghz,4104.646731,5206.965570,-26.855,1.839357,3.278900,-78.263,16.669900,21.373300,-28.215,true,-26.855,-78.263,-28.215,-0.000,-0.000,0.000
mult,mult_k64_32_16,64/32x2/16x4,DW 64 + 32x2 + 16x4,mult_dwfix_64 + mult_dwfix_32x2 + mult_dwfix_16x4,two_ghz,6007.009187,5338.833580,11.123,3.846587,3.516100,8.592,18.906500,21.707300,-14.814,false,14.806,15.343,-10.426,-3.683,-6.751,-4.388
mult,mult_k64_32_16,64/32x2/16x4,Karatsuba 64 + 32x2 + 16x4,mult_k64 + mult_kfix_32x2 + mult_kfix_16x4,one_ghz,7230.939532,5206.965570,27.990,4.162016,3.278900,21.218,28.300400,21.373300,24.477,true,27.990,21.218,24.477,0.000,0.000,0.000
mult,mult_k64_32_16,64/32x2/16x4,Karatsuba 64 + 32x2 + 16x4,mult_k64 + mult_kfix_32x2 + mult_kfix_16x4,two_ghz,9336.698362,5338.833580,42.819,6.132987,3.516100,42.669,35.807200,21.707300,39.377,false,43.070,43.700,37.518,-0.251,-1.031,1.859
mult,mult_k64_32,64/32x2,DW 64 + 32x2,mult_dwfix_64 + mult_dwfix_32x2,one_ghz,3508.798749,3525.448789,-0.475,1.594228,1.892000,-18.678,14.963300,14.015000,6.338,true,-0.475,-18.678,6.338,0.000,-0.000,-0.000
mult,mult_k64_32,64/32x2,DW 64 + 32x2,mult_dwfix_64 + mult_dwfix_32x2,two_ghz,5241.464396,4530.842383,13.558,3.469100,3.003000,13.436,16.267600,17.378600,-6.830,false,14.638,14.134,-2.537,-1.080,-0.698,-4.293
mult,mult_k64_32,64/32x2,Karatsuba 64 + 32x2,mult_k64 + mult_kfix_32x2,one_ghz,6635.091550,3525.448789,46.867,3.916887,1.892000,51.696,26.593800,14.015000,47.300,true,46.867,51.696,47.300,-0.000,0.000,-0.000
mult,mult_k64_32,64/32x2,Karatsuba 64 + 32x2,mult_k64 + mult_kfix_32x2,two_ghz,8571.153571,4530.842383,47.138,5.755500,3.003000,47.824,33.168300,17.378600,47.605,false,45.460,44.765,45.619,1.678,3.059,1.986
addsub,addsub_d1,64,standalone 64,addsub_fix_64,one_ghz,173.959202,182.262002,-4.773,0.064079,0.070573,-10.133,0.470908,0.512856,-8.908,true,-4.773,-10.133,-8.908,0.000,0.000,0.000
addsub,addsub_d1,64,standalone 64,addsub_fix_64,two_ghz,207.214800,228.216001,-10.135,0.083095,0.103913,-25.053,0.523717,0.522269,0.277,true,-10.135,-25.053,0.277,0.000,0.000,-0.000
minmax,minmax_m1,64,fu_min_max 64,minmax_fix_64,one_ghz,105.228000,118.769998,-12.869,0.035899,0.057854,-61.158,0.257416,0.343493,-33.439,true,-12.869,-61.158,-33.439,-0.000,0.000,0.000
minmax,minmax_m1,64,fu_min_max 64,minmax_fix_64,two_ghz,130.491600,116.150399,10.990,0.053417,0.047815,10.486,0.292136,0.274050,6.191,true,10.990,10.486,6.191,0.000,-0.000,0.000
cmp,cmp_c1,64,standalone 64,cmp_fix_64,one_ghz,93.195600,85.736400,8.004,0.028047,0.025907,7.627,0.212798,0.207919,2.293,true,8.004,7.627,2.293,-0.000,0.000,-0.000
cmp,cmp_c1,64,standalone 64,cmp_fix_64,two_ghz,121.744800,117.038399,3.866,0.049364,0.045501,7.827,0.246457,0.240319,2.491,true,3.866,7.827,2.491,-0.000,-0.000,-0.000
fp_cmp,fp_cmp_g1,FP64,DW FP64,fp_cmp_fix_64,one_ghz,111.621599,105.139199,5.807,0.038828,0.031126,19.838,0.231751,0.222308,4.075,true,5.807,19.838,4.075,0.000,-0.000,-0.000
fp_cmp,fp_cmp_g1,FP64,DW FP64,fp_cmp_fix_64,two_ghz,153.402000,129.514799,15.572,0.056426,0.054254,3.850,0.313576,0.244003,22.187,true,15.572,3.850,22.187,-0.000,0.000,-0.000
fp_minmax,fp_minmax_m1,FP64,DW FP64,fp_minmax_fix_64,one_ghz,138.883199,127.472399,8.216,0.046987,0.050770,-8.051,0.340820,0.321031,5.806,true,15.921,19.475,3.790,-7.705,-27.526,2.016
fp_minmax,fp_minmax_m1,FP64,DW FP64,fp_minmax_fix_64,two_ghz,159.928798,154.867198,3.165,0.068844,0.064812,5.858,0.366123,0.350134,4.367,true,7.468,8.309,7.561,-4.303,-2.451,-3.194
mult,mult_k64,64,DW 64,mult_dwfix_64,one_ghz,2280.783562,4847.858363,-112.552,1.098900,2.993400,-172.400,9.620700,19.820700,-106.021,true,-112.552,-172.400,-106.021,-0.000,0.000,-0.000
mult,mult_k64,64,DW 64,mult_dwfix_64,two_ghz,3413.871601,5610.206381,-64.336,2.284300,3.735200,-63.516,11.077200,23.081000,-108.365,false,-45.723,-38.823,-78.720,-18.613,-24.693,-29.645
