family,from_tier,to_tier,capability_added,corner,prev_area_um2,new_area_um2,area_overhead_percent,static_overhead_percent,dynamic_overhead_percent,fmax_change_percent,comparable,primepower_64bit_op_total_overhead_percent,rerun_area_overhead_percent,rerun_static_overhead_percent,rerun_dynamic_overhead_percent,delta_area_pp,delta_static_pp,delta_dynamic_pp
addsub,addsub_d1,addsub_d2,64/32x2,one_ghz,182.262002,178.798801,-1.900,-5.148,-4.246,0.113,true,3.381,-1.900,-5.148,-4.246,-0.000,0.000,-0.000
addsub,addsub_d1,addsub_d2,64/32x2,two_ghz,228.216001,249.261600,9.222,18.185,8.596,-0.021,true,28.502,9.222,18.185,8.596,-0.000,0.000,-0.000
addsub,addsub_d2,addsub_d4,64/32x2/16x4,one_ghz,178.798801,184.659601,3.278,6.746,12.022,-0.132,true,3.793,3.278,6.746,12.022,-0.000,0.000,-0.000
addsub,addsub_d2,addsub_d4,64/32x2/16x4,two_ghz,249.261600,276.123599,10.777,16.509,12.225,0.011,true,19.613,10.777,16.509,12.225,-0.000,0.000,0.000
addsub,addsub_d4,addsub_d8,64/32x2/16x4/8x8,one_ghz,184.659601,236.563200,28.108,62.150,1.224,0.020,true,16.509,28.108,62.150,1.224,-0.000,0.000,0.000
addsub,addsub_d4,addsub_d8,64/32x2/16x4/8x8,two_ghz,276.123599,299.788799,8.571,12.700,4.516,0.023,true,7.762,8.571,12.700,4.516,-0.000,0.000,0.000
minmax,minmax_m1,minmax_m2,64/32x2,one_ghz,118.769998,113.486398,-4.449,-28.640,3.848,0.013,true,-19.840,-4.449,-28.640,3.848,0.000,0.000,0.000
minmax,minmax_m1,minmax_m2,64/32x2,two_ghz,116.150399,126.362399,8.792,0.059,11.741,-0.199,true,3.693,8.792,0.059,11.741,0.000,-0.000,-0.000
minmax,minmax_m2,minmax_m4,64/32x2/16x4,one_ghz,113.486398,119.213998,5.047,7.540,19.043,-0.007,true,27.545,5.047,7.540,19.043,-0.000,-0.000,0.000
minmax,minmax_m2,minmax_m4,64/32x2/16x4,two_ghz,126.362399,141.902400,12.298,23.872,9.104,0.006,true,-12.055,12.298,23.872,9.104,-0.000,0.000,0.000
cmp,cmp_c1,cmp_c2,64/32x2,one_ghz,85.736400,90.797999,5.904,24.290,1.955,-1.466,true,1.062,6.059,5.866,7.174,-0.155,18.424,-5.219
cmp,cmp_c1,cmp_c2,64/32x2,two_ghz,117.038399,128.537999,9.825,20.937,-2.377,0.033,true,4.751,2.011,3.304,1.608,7.814,17.633,-3.985
cmp,cmp_c2,cmp_c4,64/32x2/16x4,one_ghz,90.797999,139.948799,54.132,52.036,48.663,0.037,true,50.592,60.400,110.338,39.092,-6.268,-58.302,9.571
cmp,cmp_c2,cmp_c4,64/32x2/16x4,two_ghz,128.537999,230.435998,79.275,102.720,56.507,-0.023,true,43.160,86.054,127.302,46.173,-6.779,-24.582,10.334
cmp,cmp_c4,cmp_c8,64/32x2/16x4/8x8,one_ghz,139.948799,142.301999,1.681,4.974,5.990,-0.113,true,1.243,1.735,5.280,5.157,-0.054,-0.306,0.833
cmp,cmp_c4,cmp_c8,64/32x2/16x4/8x8,two_ghz,230.435998,241.136398,4.644,8.753,4.650,0.006,true,0.562,10.094,16.753,7.442,-5.450,-8.000,-2.792
abs,abs_a1,abs_a2,64/32x2,one_ghz,133.466402,156.110402,16.966,25.879,12.059,-0.243,true,39.580,16.966,25.879,12.059,0.000,0.000,0.000
abs,abs_a1,abs_a2,64/32x2,two_ghz,174.270001,175.690801,0.815,3.882,11.892,-0.053,true,42.993,0.815,3.882,11.892,0.000,-0.000,-0.000
abs,abs_a2,abs_a3,64/32x2/16x4,one_ghz,156.110402,152.292002,-2.446,-5.075,44.844,-0.188,true,35.846,-0.910,-3.466,31.284,-1.536,-1.609,13.560
abs,abs_a2,abs_a3,64/32x2/16x4,two_ghz,175.690801,201.087601,14.455,23.850,24.743,0.011,true,21.725,14.658,22.731,21.896,-0.203,1.119,2.847
barrel,barrel_bs1,barrel_bs2,64/32x2,one_ghz,334.198796,351.603596,5.208,8.194,1.984,-0.013,true,3.621,7.028,9.243,-0.194,-1.820,-1.049,2.178
barrel,barrel_bs1,barrel_bs2,64/32x2,two_ghz,643.977600,605.127594,-6.033,-8.923,-6.477,-0.003,true,-1.767,-5.633,-6.873,-4.452,-0.400,-2.050,-2.025
barrel,barrel_bs2,barrel_bs3,64/32x2/16x4,one_ghz,351.603596,390.897597,11.176,12.957,7.979,0.009,true,-1.122,9.508,11.375,11.476,1.668,1.582,-3.497
barrel,barrel_bs2,barrel_bs3,64/32x2/16x4,two_ghz,605.127594,736.729192,21.748,28.282,19.113,0.015,true,5.248,25.433,31.413,18.459,-3.685,-3.131,0.654
fp_cmp,fp_cmp_g1,fp_cmp_g2,FP64/FP32x2,one_ghz,105.139199,109.889999,4.519,16.307,3.741,0.011,true,-4.458,4.519,16.307,3.741,-0.000,0.000,-0.000
fp_cmp,fp_cmp_g1,fp_cmp_g2,FP64/FP32x2,two_ghz,129.514799,138.305999,6.788,-3.316,9.825,-0.050,true,4.861,6.788,-3.316,9.825,-0.000,0.000,0.000
fp_cmp,fp_cmp_g2,fp_cmp_g3,FP64/FP32x2/FP16x4,one_ghz,109.889999,126.539999,15.152,1.001,21.585,0.005,true,25.602,13.131,8.513,22.035,2.021,-7.512,-0.450
fp_cmp,fp_cmp_g2,fp_cmp_g3,FP64/FP32x2/FP16x4,two_ghz,138.305999,167.121599,20.835,31.862,14.940,-0.020,true,8.977,16.693,17.567,9.849,4.142,14.295,5.091
fp_minmax,fp_minmax_m1,fp_minmax_m2,FP64/FP32x2,one_ghz,127.472399,127.561199,0.070,-15.608,15.446,-0.051,true,1.196,12.928,16.995,15.327,-12.858,-32.603,0.119
fp_minmax,fp_minmax_m1,fp_minmax_m2,FP64/FP32x2,two_ghz,154.867198,168.719998,8.945,14.289,7.750,-0.038,true,19.042,15.692,20.869,14.169,-6.747,-6.580,-6.419
fp_minmax,fp_minmax_m2,fp_minmax_m3,FP64/FP32x2/FP16x4,one_ghz,127.561199,165.523199,29.760,45.345,14.043,-0.029,true,9.732,19.562,38.041,12.308,10.198,7.304,1.735
fp_minmax,fp_minmax_m2,fp_minmax_m3,FP64/FP32x2/FP16x4,two_ghz,168.719998,206.859598,22.605,30.973,16.143,0.044,true,5.519,17.842,25.016,9.221,4.763,5.957,6.922
rounding,rounding_g1,rounding_g2,FP64/FP32x2,one_ghz,658.318799,1066.487997,62.002,68.968,74.501,0.009,true,62.710,56.229,59.172,59.657,5.773,9.796,14.844
rounding,rounding_g1,rounding_g2,FP64/FP32x2,two_ghz,1425.550793,1902.761991,33.476,31.324,49.350,8.378,false,35.375,30.426,26.052,49.752,3.050,5.272,-0.402
rounding,rounding_g2,rounding_g3,FP64/FP32x2/FP16x4,one_ghz,1066.487997,1202.440797,12.748,11.067,28.391,0.008,true,30.107,10.551,6.799,23.241,2.197,4.268,5.150
rounding,rounding_g2,rounding_g3,FP64/FP32x2/FP16x4,two_ghz,1902.761991,2134.840787,12.197,8.733,17.009,-10.488,false,19.501,19.467,19.582,22.835,-7.270,-10.849,-5.826
mult,mult_k64,mult_k64_32,64/32x2,one_ghz,4847.858363,3525.448789,-27.278,-36.794,-29.291,0.027,true,-9.722,-27.278,-36.794,-29.291,-0.000,-0.000,-0.000
mult,mult_k64,mult_k64_32,64/32x2,two_ghz,5610.206381,4530.842383,-19.239,-19.603,-24.706,38.748,false,-35.740,-12.552,-9.426,-17.695,-6.687,-10.177,-7.011
mult,mult_k64_32,mult_k64_32_16,64/32x2/16x4,one_ghz,3525.448789,5206.965570,47.697,73.303,52.503,-0.025,true,19.385,47.697,73.303,52.503,-0.000,0.000,0.000
mult,mult_k64_32,mult_k64_32_16,64/32x2/16x4,two_ghz,4530.842383,5338.833580,17.833,17.086,24.908,-31.497,false,43.646,13.605,8.553,24.280,4.228,8.533,0.628
