family,design,role,capability,function,corner,mode,lane_width,lanes,vectors,timing_met,switching_mw,internal_mw,dynamic_mw,leakage_uw,total_mw,energy_per_op_pj,energy_per_lane_result_pj,nets_annotated_percent,dc_uniform_dynamic_mw,primepower_over_dc_dynamic
addsub,addsub_d1,tier,64,,one_ghz,0,64,1,20000,true,1.281000,0.197500,1.478500,0.070760,1.479000,1.479000,1.479000,100.00,0.512856,2.883
addsub,addsub_d1,tier,64,,two_ghz,0,64,1,20000,true,2.106000,0.350300,2.456300,0.104200,2.456000,1.228000,1.228000,100.00,0.522269,4.703
addsub,addsub_d2,tier,64/32x2,,one_ghz,0,64,1,20000,true,1.347000,0.181500,1.528500,0.067200,1.529000,1.529000,1.529000,100.00,0.491078,3.113
addsub,addsub_d2,tier,64/32x2,,one_ghz,1,32,2,20000,true,1.337000,0.180300,1.517300,0.067200,1.518000,1.518000,0.759000,100.00,0.491078,3.090
addsub,addsub_d2,tier,64/32x2,,two_ghz,0,64,1,20000,true,2.714000,0.441000,3.155000,0.123900,3.156000,1.578000,1.578000,100.00,0.567161,5.563
addsub,addsub_d2,tier,64/32x2,,two_ghz,1,32,2,20000,true,2.752000,0.443700,3.195700,0.123600,3.195000,1.597500,0.798750,100.00,0.567161,5.635
addsub,addsub_d4,tier,64/32x2/16x4,,one_ghz,0,64,1,20000,true,1.397000,0.189900,1.586900,0.071970,1.587000,1.587000,1.587000,100.00,0.550115,2.885
addsub,addsub_d4,tier,64/32x2/16x4,,one_ghz,1,32,2,20000,true,1.380000,0.187200,1.567200,0.071270,1.567000,1.567000,0.783500,100.00,0.550115,2.849
addsub,addsub_d4,tier,64/32x2/16x4,,one_ghz,2,16,4,20000,true,1.363000,0.185000,1.548000,0.071630,1.548000,1.548000,0.387000,100.00,0.550115,2.814
addsub,addsub_d4,tier,64/32x2/16x4,,two_ghz,0,64,1,20000,true,3.216000,0.558600,3.774600,0.144200,3.775000,1.887500,1.887500,100.00,0.636496,5.930
addsub,addsub_d4,tier,64/32x2/16x4,,two_ghz,1,32,2,20000,true,3.059000,0.533400,3.592400,0.143300,3.592000,1.796000,0.898000,100.00,0.636496,5.644
addsub,addsub_d4,tier,64/32x2/16x4,,two_ghz,2,16,4,20000,true,2.899000,0.502900,3.401900,0.143200,3.402000,1.701000,0.425250,100.00,0.636496,5.345
addsub,addsub_d8,tier,64/32x2/16x4/8x8,,one_ghz,0,64,1,20000,true,1.552000,0.296700,1.848700,0.116000,1.849000,1.849000,1.849000,100.00,0.556849,3.320
addsub,addsub_d8,tier,64/32x2/16x4/8x8,,one_ghz,1,32,2,20000,true,1.534000,0.293600,1.827600,0.116200,1.828000,1.828000,0.914000,100.00,0.556849,3.282
addsub,addsub_d8,tier,64/32x2/16x4/8x8,,one_ghz,2,16,4,20000,true,1.514000,0.289700,1.803700,0.116000,1.804000,1.804000,0.451000,100.00,0.556849,3.239
addsub,addsub_d8,tier,64/32x2/16x4/8x8,,one_ghz,3,8,8,20000,true,1.475000,0.279800,1.754800,0.115900,1.755000,1.755000,0.219375,100.00,0.556849,3.151
addsub,addsub_d8,tier,64/32x2/16x4/8x8,,two_ghz,0,64,1,20000,true,3.429000,0.638100,4.067100,0.163000,4.068000,2.034000,2.034000,100.00,0.665242,6.114
addsub,addsub_d8,tier,64/32x2/16x4/8x8,,two_ghz,1,32,2,20000,true,3.345000,0.619900,3.964900,0.163400,3.965000,1.982500,0.991250,100.00,0.665242,5.960
addsub,addsub_d8,tier,64/32x2/16x4/8x8,,two_ghz,2,16,4,20000,true,3.273000,0.603200,3.876200,0.161000,3.877000,1.938500,0.484625,100.00,0.665242,5.827
addsub,addsub_d8,tier,64/32x2/16x4/8x8,,two_ghz,3,8,8,20000,true,3.126000,0.572900,3.698900,0.160400,3.699000,1.849500,0.231187,100.00,0.665242,5.560
addsub,addsub_fix_64,fixed,64,,one_ghz,0,64,1,20000,true,0.874300,0.115200,0.989500,0.064120,0.989600,0.989600,0.989600,100.00,0.470908,2.101
addsub,addsub_fix_64,fixed,64,,two_ghz,0,64,1,20000,true,2.024000,0.278900,2.302900,0.083360,2.303000,1.151500,1.151500,100.00,0.523717,4.397
addsub,addsub_fix_32x2,fixed,32x2,,one_ghz,0,32,2,20000,true,1.697000,0.208200,1.905200,0.085970,1.905000,1.905000,0.952500,100.00,0.990480,1.924
addsub,addsub_fix_32x2,fixed,32x2,,two_ghz,0,32,2,20000,true,3.340000,0.558000,3.898000,0.129700,3.898000,1.949000,0.974500,100.00,1.056600,3.689
addsub,addsub_fix_16x4,fixed,16x4,,one_ghz,0,16,4,20000,true,0.576300,0.139000,0.715300,0.038360,0.715400,0.715400,0.178850,100.00,0.256827,2.785
addsub,addsub_fix_16x4,fixed,16x4,,two_ghz,0,16,4,20000,true,1.541000,0.244900,1.785900,0.065800,1.786000,0.893000,0.223250,100.00,0.430823,4.145
addsub,addsub_fix_8x8,fixed,8x8,,one_ghz,0,8,8,20000,true,0.479700,0.124400,0.604100,0.035990,0.604200,0.604200,0.075525,100.00,0.222170,2.719
addsub,addsub_fix_8x8,fixed,8x8,,two_ghz,0,8,8,20000,true,0.912600,0.233700,1.146300,0.036990,1.146000,0.573000,0.071625,100.00,0.222931,5.142
minmax,minmax_m1,tier,64,,one_ghz,0,64,1,20000,true,1.100000,0.150200,1.250200,0.057920,1.250000,1.250000,1.250000,100.00,0.343493,3.640
minmax,minmax_m1,tier,64,,two_ghz,0,64,1,20000,true,1.492000,0.268100,1.760100,0.047860,1.760000,0.880000,0.880000,100.00,0.274050,6.423
minmax,minmax_m2,tier,64/32x2,,one_ghz,0,64,1,20000,true,0.923500,0.078450,1.001950,0.041400,1.002000,1.002000,1.002000,100.00,0.356712,2.809
minmax,minmax_m2,tier,64/32x2,,one_ghz,1,32,2,20000,true,0.956500,0.082620,1.039120,0.041380,1.039000,1.039000,0.519500,100.00,0.356712,2.913
minmax,minmax_m2,tier,64/32x2,,two_ghz,0,64,1,20000,true,1.633000,0.191800,1.824800,0.047980,1.825000,0.912500,0.912500,100.00,0.306226,5.959
minmax,minmax_m2,tier,64/32x2,,two_ghz,1,32,2,20000,true,1.626000,0.192500,1.818500,0.047850,1.818000,0.909000,0.454500,100.00,0.306226,5.938
minmax,minmax_m4,tier,64/32x2/16x4,,one_ghz,0,64,1,20000,true,1.181000,0.096590,1.277590,0.044630,1.278000,1.278000,1.278000,100.00,0.424642,3.009
minmax,minmax_m4,tier,64/32x2/16x4,,one_ghz,1,32,2,20000,true,1.179000,0.096990,1.275990,0.044470,1.276000,1.276000,0.638000,100.00,0.424642,3.005
minmax,minmax_m4,tier,64/32x2/16x4,,one_ghz,2,16,4,20000,true,1.159000,0.095400,1.254400,0.044390,1.255000,1.255000,0.313750,100.00,0.424642,2.954
minmax,minmax_m4,tier,64/32x2/16x4,,two_ghz,0,64,1,20000,true,1.388000,0.216500,1.604500,0.059590,1.605000,0.802500,0.802500,100.00,0.334106,4.802
minmax,minmax_m4,tier,64/32x2/16x4,,two_ghz,1,32,2,20000,true,1.489000,0.238100,1.727100,0.059300,1.727000,0.863500,0.431750,100.00,0.334106,5.169
minmax,minmax_m4,tier,64/32x2/16x4,,two_ghz,2,16,4,20000,true,1.580000,0.256700,1.836700,0.059210,1.836000,0.918000,0.229500,100.00,0.334106,5.497
minmax,minmax_fix_64,fixed,64,,one_ghz,0,64,1,20000,true,0.592100,0.078980,0.671080,0.035980,0.671100,0.671100,0.671100,100.00,0.257416,2.607
minmax,minmax_fix_64,fixed,64,,two_ghz,0,64,1,20000,true,1.348000,0.176000,1.524000,0.053500,1.524000,0.762000,0.762000,100.00,0.292136,5.217
minmax,minmax_fix_32x2,fixed,32x2,,one_ghz,0,32,2,20000,true,1.043000,0.122100,1.165100,0.062390,1.165000,1.165000,0.582500,100.00,0.379367,3.071
minmax,minmax_fix_32x2,fixed,32x2,,two_ghz,0,32,2,20000,true,1.387000,0.196100,1.583100,0.040160,1.583000,0.791500,0.395750,100.00,0.289298,5.472
minmax,minmax_fix_16x4,fixed,16x4,,one_ghz,0,16,4,20000,true,0.828700,0.068420,0.897120,0.033370,0.897200,0.897200,0.224300,100.00,0.316937,2.831
minmax,minmax_fix_16x4,fixed,16x4,,two_ghz,0,16,4,20000,true,1.470000,0.163300,1.633300,0.034370,1.633000,0.816500,0.204125,100.00,0.259323,6.298
cmp,cmp_c1,tier,64,,one_ghz,0,64,1,20000,true,0.480100,0.038000,0.518100,0.025970,0.518100,0.518100,0.518100,100.00,0.207919,2.492
cmp,cmp_c1,tier,64,,two_ghz,0,64,1,20000,true,1.194000,0.111800,1.305800,0.045530,1.305000,0.652500,0.652500,100.00,0.240319,5.434
cmp,cmp_c2,tier,64/32x2,,one_ghz,0,64,1,20000,true,0.481300,0.042320,0.523620,0.032220,0.523600,0.523600,0.523600,100.00,0.211984,2.470
cmp,cmp_c2,tier,64/32x2,,one_ghz,1,32,2,20000,true,0.485900,0.043280,0.529180,0.032290,0.529200,0.529200,0.264600,100.00,0.211984,2.496
cmp,cmp_c2,tier,64/32x2,,two_ghz,0,64,1,20000,true,1.225000,0.141900,1.366900,0.055120,1.367000,0.683500,0.683500,100.00,0.234607,5.826
cmp,cmp_c2,tier,64/32x2,,two_ghz,1,32,2,20000,true,1.171000,0.135800,1.306800,0.054950,1.306000,0.653000,0.326500,100.00,0.234607,5.570
cmp,cmp_c4,tier,64/32x2/16x4,,one_ghz,0,64,1,20000,true,0.719600,0.068830,0.788430,0.048800,0.788500,0.788500,0.788500,100.00,0.315142,2.502
cmp,cmp_c4,tier,64/32x2/16x4,,one_ghz,1,32,2,20000,true,0.713500,0.069060,0.782560,0.049050,0.782600,0.782600,0.391300,100.00,0.315142,2.483
cmp,cmp_c4,tier,64/32x2/16x4,,one_ghz,2,16,4,20000,true,0.713400,0.069150,0.782550,0.049260,0.782600,0.782600,0.195650,100.00,0.315142,2.483
cmp,cmp_c4,tier,64/32x2/16x4,,two_ghz,0,64,1,20000,true,1.737000,0.220400,1.957400,0.111100,1.957000,0.978500,0.978500,100.00,0.367175,5.331
cmp,cmp_c4,tier,64/32x2/16x4,,two_ghz,1,32,2,20000,true,1.761000,0.224000,1.985000,0.112500,1.985000,0.992500,0.496250,100.00,0.367175,5.406
cmp,cmp_c4,tier,64/32x2/16x4,,two_ghz,2,16,4,20000,true,1.770000,0.226700,1.996700,0.111600,1.997000,0.998500,0.249625,100.00,0.367175,5.438
cmp,cmp_c8,tier,64/32x2/16x4/8x8,,one_ghz,0,64,1,20000,true,0.726600,0.071610,0.798210,0.050990,0.798300,0.798300,0.798300,100.00,0.334018,2.390
cmp,cmp_c8,tier,64/32x2/16x4/8x8,,one_ghz,1,32,2,20000,true,0.717600,0.071240,0.788840,0.051480,0.788900,0.788900,0.394450,100.00,0.334018,2.362
cmp,cmp_c8,tier,64/32x2/16x4/8x8,,one_ghz,2,16,4,20000,true,0.716800,0.071350,0.788150,0.051820,0.788200,0.788200,0.197050,100.00,0.334018,2.360
cmp,cmp_c8,tier,64/32x2/16x4/8x8,,one_ghz,3,8,8,20000,true,0.737000,0.072380,0.809380,0.051750,0.809400,0.809400,0.101175,100.00,0.334018,2.423
cmp,cmp_c8,tier,64/32x2/16x4/8x8,,two_ghz,0,64,1,20000,true,1.729000,0.239200,1.968200,0.120800,1.968000,0.984000,0.984000,100.00,0.384250,5.122
cmp,cmp_c8,tier,64/32x2/16x4/8x8,,two_ghz,1,32,2,20000,true,1.748000,0.241900,1.989900,0.121500,1.990000,0.995000,0.497500,100.00,0.384250,5.179
cmp,cmp_c8,tier,64/32x2/16x4/8x8,,two_ghz,2,16,4,20000,true,1.768000,0.242300,2.010300,0.121400,2.010000,1.005000,0.251250,100.00,0.384250,5.232
cmp,cmp_c8,tier,64/32x2/16x4/8x8,,two_ghz,3,8,8,20000,true,1.833000,0.255100,2.088100,0.121700,2.088000,1.044000,0.130500,100.00,0.384250,5.434
cmp,cmp_fix_64,fixed,64,,one_ghz,0,64,1,20000,true,0.482500,0.044960,0.527460,0.027880,0.527400,0.527400,0.527400,100.00,0.212798,2.479
cmp,cmp_fix_64,fixed,64,,two_ghz,0,64,1,20000,true,1.164000,0.135000,1.299000,0.049380,1.299000,0.649500,0.649500,100.00,0.246457,5.271
cmp,cmp_fix_32x2,fixed,32x2,,one_ghz,0,32,2,20000,true,0.559600,0.064610,0.624210,0.049630,0.624200,0.624200,0.312100,100.00,0.312195,1.999
cmp,cmp_fix_32x2,fixed,32x2,,two_ghz,0,32,2,20000,true,1.178000,0.101000,1.279000,0.040090,1.279000,0.639500,0.319750,100.00,0.246280,5.193
cmp,cmp_fix_16x4,fixed,16x4,,one_ghz,0,16,4,20000,true,0.602400,0.042820,0.645220,0.026280,0.645200,0.645200,0.161300,100.00,0.303469,2.126
cmp,cmp_fix_16x4,fixed,16x4,,two_ghz,0,16,4,20000,true,1.331000,0.142300,1.473300,0.046100,1.473000,0.736500,0.184125,100.00,0.293096,5.027
cmp,cmp_fix_8x8,fixed,8x8,,one_ghz,0,8,8,20000,true,0.653900,0.045990,0.699890,0.027300,0.700000,0.700000,0.087500,100.00,0.260120,2.691
cmp,cmp_fix_8x8,fixed,8x8,,two_ghz,0,8,8,20000,true,1.390000,0.147100,1.537100,0.053320,1.537000,0.768500,0.096062,100.00,0.286778,5.360
abs,abs_a1,tier,64,,one_ghz,0,64,1,20000,true,0.364200,0.083460,0.447660,0.052030,0.447700,0.447700,0.447700,100.00,0.215481,2.077
abs,abs_a1,tier,64,,two_ghz,0,64,1,20000,true,0.665600,0.177800,0.843400,0.082650,0.843400,0.421700,0.421700,100.00,0.220780,3.820
abs,abs_a2,tier,64/32x2,,one_ghz,0,64,1,20000,true,0.515200,0.109500,0.624700,0.065370,0.624900,0.624900,0.624900,100.00,0.241467,2.587
abs,abs_a2,tier,64/32x2,,one_ghz,1,32,2,20000,true,0.533500,0.112600,0.646100,0.065690,0.646100,0.646100,0.323050,100.00,0.241467,2.676
abs,abs_a2,tier,64/32x2,,two_ghz,0,64,1,20000,true,0.979600,0.226400,1.206000,0.086170,1.206000,0.603000,0.603000,100.00,0.247035,4.882
abs,abs_a2,tier,64/32x2,,two_ghz,1,32,2,20000,true,1.019000,0.233400,1.252400,0.085670,1.253000,0.626500,0.313250,100.00,0.247035,5.070
abs,abs_a3,tier,64/32x2/16x4,,one_ghz,0,64,1,20000,true,0.710200,0.138600,0.848800,0.062510,0.848900,0.848900,0.848900,100.00,0.349751,2.427
abs,abs_a3,tier,64/32x2/16x4,,one_ghz,1,32,2,20000,true,0.734800,0.141600,0.876400,0.062050,0.876400,0.876400,0.438200,100.00,0.349751,2.506
abs,abs_a3,tier,64/32x2/16x4,,one_ghz,2,16,4,20000,true,0.777000,0.146400,0.923400,0.062530,0.923500,0.923500,0.230875,100.00,0.349751,2.640
abs,abs_a3,tier,64/32x2/16x4,,two_ghz,0,64,1,20000,true,1.182000,0.286200,1.468200,0.106900,1.468000,0.734000,0.734000,100.00,0.308160,4.764
abs,abs_a3,tier,64/32x2/16x4,,two_ghz,1,32,2,20000,true,1.299000,0.310500,1.609500,0.105800,1.610000,0.805000,0.402500,100.00,0.308160,5.223
abs,abs_a3,tier,64/32x2/16x4,,two_ghz,2,16,4,20000,true,1.381000,0.325800,1.706800,0.107000,1.707000,0.853500,0.213375,100.00,0.308160,5.539
abs,abs_fix_32x2,fixed,32x2,,one_ghz,0,32,2,20000,true,0.736000,0.044390,0.780390,0.043630,0.780400,0.780400,0.390200,100.00,0.369997,2.109
abs,abs_fix_32x2,fixed,32x2,,two_ghz,0,32,2,20000,true,0.657500,0.146600,0.804100,0.048480,0.804100,0.402050,0.201025,100.00,0.173665,4.630
abs,abs_fix_16x4,fixed,16x4,,one_ghz,0,16,4,20000,true,0.265700,0.030340,0.296040,0.021420,0.296000,0.296000,0.074000,100.00,0.096962,3.053
abs,abs_fix_16x4,fixed,16x4,,two_ghz,0,16,4,20000,true,0.521500,0.065040,0.586540,0.033760,0.586500,0.293250,0.073313,100.00,0.103095,5.689
barrel,barrel_bs1,tier,64,,one_ghz,0,64,1,20000,true,3.558000,0.224500,3.782500,0.128900,3.783000,3.783000,3.783000,100.00,1.290400,2.931
barrel,barrel_bs1,tier,64,,two_ghz,0,64,1,20000,true,7.892000,1.108000,9.000000,0.343100,9.000000,4.500000,4.500000,100.00,1.511600,5.954
barrel,barrel_bs2,tier,64/32x2,,one_ghz,0,64,1,20000,true,3.676000,0.243800,3.919800,0.140500,3.920000,3.920000,3.920000,100.00,1.316000,2.979
barrel,barrel_bs2,tier,64/32x2,,one_ghz,1,32,2,20000,true,3.249000,0.223500,3.472500,0.138700,3.473000,3.473000,1.736500,100.00,1.316000,2.639
barrel,barrel_bs2,tier,64/32x2,,two_ghz,0,64,1,20000,true,7.920000,0.920700,8.840700,0.312900,8.841000,4.420500,4.420500,100.00,1.413700,6.254
barrel,barrel_bs2,tier,64/32x2,,two_ghz,1,32,2,20000,true,7.219000,0.868200,8.087200,0.310900,8.087000,4.043500,2.021750,100.00,1.413700,5.721
barrel,barrel_bs3,tier,64/32x2/16x4,,one_ghz,0,64,1,20000,true,3.641000,0.234100,3.875100,0.158100,3.876000,3.876000,3.876000,100.00,1.421000,2.727
barrel,barrel_bs3,tier,64/32x2/16x4,,one_ghz,1,32,2,20000,true,3.325000,0.218700,3.543700,0.156500,3.544000,3.544000,1.772000,100.00,1.421000,2.494
barrel,barrel_bs3,tier,64/32x2/16x4,,one_ghz,2,16,4,20000,true,2.824000,0.192400,3.016400,0.156100,3.017000,3.017000,0.754250,100.00,1.421000,2.123
barrel,barrel_bs3,tier,64/32x2/16x4,,two_ghz,0,64,1,20000,true,8.164000,1.140000,9.304000,0.402500,9.305000,4.652500,4.652500,100.00,1.683900,5.525
barrel,barrel_bs3,tier,64/32x2/16x4,,two_ghz,1,32,2,20000,true,7.649000,1.059000,8.708000,0.399600,8.708000,4.354000,2.177000,100.00,1.683900,5.171
barrel,barrel_bs3,tier,64/32x2/16x4,,two_ghz,2,16,4,20000,true,6.544000,0.923400,7.467400,0.398200,7.467000,3.733500,0.933375,100.00,1.683900,4.435
barrel,barrel_fix_32x2,fixed,32x2,,one_ghz,0,32,2,20000,true,2.197000,0.138100,2.335100,0.092260,2.335000,2.335000,1.167500,100.00,0.949717,2.459
barrel,barrel_fix_32x2,fixed,32x2,,two_ghz,0,32,2,20000,true,4.528000,0.351700,4.879700,0.157900,4.880000,2.440000,1.220000,100.00,0.962067,5.072
barrel,barrel_fix_16x4,fixed,16x4,,one_ghz,0,16,4,20000,true,1.982000,0.139800,2.121800,0.069520,2.122000,2.122000,0.530500,100.00,0.785120,2.703
barrel,barrel_fix_16x4,fixed,16x4,,two_ghz,0,16,4,20000,true,4.448000,0.462300,4.910300,0.141900,4.911000,2.455500,0.613875,100.00,0.849234,5.782
fp_cmp,fp_cmp_g1,tier,FP64,,one_ghz,0,64,1,20000,true,0.501900,0.040950,0.542850,0.031180,0.542900,0.542900,0.542900,100.00,0.222308,2.442
fp_cmp,fp_cmp_g1,tier,FP64,,two_ghz,0,64,1,20000,true,1.136000,0.160000,1.296000,0.054320,1.296000,0.648000,0.648000,100.00,0.244003,5.311
fp_cmp,fp_cmp_g2,tier,FP64/FP32x2,,one_ghz,0,64,1,20000,true,0.477900,0.040770,0.518670,0.036260,0.518700,0.518700,0.518700,100.00,0.230624,2.249
fp_cmp,fp_cmp_g2,tier,FP64/FP32x2,,one_ghz,1,32,2,20000,true,0.482600,0.040920,0.523520,0.036270,0.523600,0.523600,0.261800,100.00,0.230624,2.270
fp_cmp,fp_cmp_g2,tier,FP64/FP32x2,,two_ghz,0,64,1,20000,true,1.235000,0.124400,1.359400,0.052480,1.359000,0.679500,0.679500,100.00,0.267977,5.073
fp_cmp,fp_cmp_g2,tier,FP64/FP32x2,,two_ghz,1,32,2,20000,true,1.226000,0.121200,1.347200,0.052700,1.347000,0.673500,0.336750,100.00,0.267977,5.027
fp_cmp,fp_cmp_g3,tier,FP64/FP32x2/FP16x4,,one_ghz,0,64,1,20000,true,0.604700,0.046680,0.651380,0.036670,0.651500,0.651500,0.651500,100.00,0.280406,2.323
fp_cmp,fp_cmp_g3,tier,FP64/FP32x2/FP16x4,,one_ghz,1,32,2,20000,true,0.602400,0.046880,0.649280,0.036630,0.649300,0.649300,0.324650,100.00,0.280406,2.316
fp_cmp,fp_cmp_g3,tier,FP64/FP32x2/FP16x4,,one_ghz,2,16,4,20000,true,0.602200,0.046840,0.649040,0.036690,0.649000,0.649000,0.162250,100.00,0.280406,2.315
fp_cmp,fp_cmp_g3,tier,FP64/FP32x2/FP16x4,,two_ghz,0,64,1,20000,true,1.325000,0.156200,1.481200,0.069360,1.481000,0.740500,0.740500,100.00,0.308013,4.809
fp_cmp,fp_cmp_g3,tier,FP64/FP32x2/FP16x4,,two_ghz,1,32,2,20000,true,1.331000,0.157700,1.488700,0.069120,1.488000,0.744000,0.372000,100.00,0.308013,4.833
fp_cmp,fp_cmp_g3,tier,FP64/FP32x2/FP16x4,,two_ghz,2,16,4,20000,true,1.336000,0.157700,1.493700,0.069350,1.494000,0.747000,0.186750,100.00,0.308013,4.849
fp_cmp,fp_cmp_fix_64,fixed,FP64,,one_ghz,0,64,1,20000,true,0.596500,0.067660,0.664160,0.038900,0.664200,0.664200,0.664200,100.00,0.231751,2.866
fp_cmp,fp_cmp_fix_64,fixed,FP64,,two_ghz,0,64,1,20000,true,1.483000,0.152900,1.635900,0.056480,1.636000,0.818000,0.818000,100.00,0.313576,5.217
fp_cmp,fp_cmp_fix_32x2,fixed,FP32x2,,one_ghz,0,32,2,20000,true,0.604600,0.054630,0.659230,0.037750,0.659200,0.659200,0.329600,100.00,0.249390,2.643
fp_cmp,fp_cmp_fix_32x2,fixed,FP32x2,,two_ghz,0,32,2,20000,true,1.393000,0.129600,1.522600,0.058740,1.522000,0.761000,0.380500,100.00,0.280156,5.435
fp_cmp,fp_cmp_fix_16x4,fixed,FP16x4,,one_ghz,0,16,4,20000,true,0.576500,0.042350,0.618850,0.030810,0.618900,0.618900,0.154725,100.00,0.297534,2.080
fp_cmp,fp_cmp_fix_16x4,fixed,FP16x4,,two_ghz,0,16,4,20000,true,1.351000,0.151700,1.502700,0.054920,1.503000,0.751500,0.187875,100.00,0.284245,5.287
fp_minmax,fp_minmax_m1,tier,FP64,,one_ghz,0,64,1,20000,true,0.889400,0.105600,0.995000,0.050830,0.995100,0.995100,0.995100,100.00,0.321031,3.099
fp_minmax,fp_minmax_m1,tier,FP64,,two_ghz,0,64,1,20000,true,1.611000,0.184900,1.795900,0.064890,1.796000,0.898000,0.898000,100.00,0.350134,5.129
fp_minmax,fp_minmax_m2,tier,FP64/FP32x2,,one_ghz,0,64,1,20000,true,0.939800,0.066950,1.006750,0.043050,1.007000,1.007000,1.007000,100.00,0.370619,2.716
fp_minmax,fp_minmax_m2,tier,FP64/FP32x2,,one_ghz,1,32,2,20000,true,1.001000,0.068200,1.069200,0.042770,1.069000,1.069000,0.534500,100.00,0.370619,2.885
fp_minmax,fp_minmax_m2,tier,FP64/FP32x2,,two_ghz,0,64,1,20000,true,1.897000,0.240800,2.137800,0.074440,2.138000,1.069000,1.069000,100.00,0.377268,5.667
fp_minmax,fp_minmax_m2,tier,FP64/FP32x2,,two_ghz,1,32,2,20000,true,1.906000,0.241100,2.147100,0.074010,2.148000,1.074000,0.537000,100.00,0.377268,5.691
fp_minmax,fp_minmax_m3,tier,FP64/FP32x2/FP16x4,,one_ghz,0,64,1,20000,true,1.003000,0.101700,1.104700,0.062690,1.105000,1.105000,1.105000,100.00,0.422665,2.614
fp_minmax,fp_minmax_m3,tier,FP64/FP32x2/FP16x4,,one_ghz,1,32,2,20000,true,1.045000,0.103300,1.148300,0.062360,1.149000,1.149000,0.574500,100.00,0.422665,2.717
fp_minmax,fp_minmax_m3,tier,FP64/FP32x2/FP16x4,,one_ghz,2,16,4,20000,true,1.023000,0.101200,1.124200,0.062090,1.125000,1.125000,0.281250,100.00,0.422665,2.660
fp_minmax,fp_minmax_m3,tier,FP64/FP32x2/FP16x4,,two_ghz,0,64,1,20000,true,1.955000,0.301400,2.256400,0.097510,2.256000,1.128000,1.128000,100.00,0.438173,5.150
fp_minmax,fp_minmax_m3,tier,FP64/FP32x2/FP16x4,,two_ghz,1,32,2,20000,true,2.025000,0.315500,2.340500,0.096740,2.341000,1.170500,0.585250,100.00,0.438173,5.342
fp_minmax,fp_minmax_m3,tier,FP64/FP32x2/FP16x4,,two_ghz,2,16,4,20000,true,2.083000,0.318200,2.401200,0.097420,2.401000,1.200500,0.300125,100.00,0.438173,5.480
fp_minmax,fp_minmax_fix_64,fixed,FP64,,one_ghz,0,64,1,20000,true,0.806000,0.081360,0.887360,0.047060,0.887400,0.887400,0.887400,100.00,0.340820,2.604
fp_minmax,fp_minmax_fix_64,fixed,FP64,,two_ghz,0,64,1,20000,true,2.008000,0.203500,2.211500,0.068940,2.212000,1.106000,1.106000,100.00,0.366123,6.040
fp_minmax,fp_minmax_fix_32x2,fixed,FP32x2,,one_ghz,0,32,2,20000,true,0.873400,0.083920,0.957320,0.043270,0.957300,0.957300,0.478650,100.00,0.338271,2.830
fp_minmax,fp_minmax_fix_32x2,fixed,FP32x2,,two_ghz,0,32,2,20000,true,2.152000,0.253900,2.405900,0.077550,2.406000,1.203000,0.601500,100.00,0.371072,6.484
fp_minmax,fp_minmax_fix_16x4,fixed,FP16x4,,one_ghz,0,16,4,20000,true,0.721100,0.065980,0.787080,0.031080,0.787100,0.787100,0.196775,100.00,0.294351,2.674
fp_minmax,fp_minmax_fix_16x4,fixed,FP16x4,,two_ghz,0,16,4,20000,true,1.643000,0.227200,1.870200,0.059260,1.871000,0.935500,0.233875,100.00,0.326736,5.724
rounding,rounding_g1,tier,FP64,,one_ghz,0,64,1,20000,true,1.503000,0.224200,1.727200,0.334100,1.727000,1.727000,1.727000,100.00,0.553509,3.120
rounding,rounding_g1,tier,FP64,,two_ghz,0,64,1,20000,false,4.690000,1.203000,5.893000,1.020000,5.894000,2.947000,2.947000,100.00,0.925475,6.368
rounding,rounding_g2,tier,FP64/FP32x2,,one_ghz,0,64,1,20000,true,2.429000,0.380200,2.809200,0.565400,2.810000,2.810000,2.810000,100.00,0.965878,2.908
rounding,rounding_g2,tier,FP64/FP32x2,,one_ghz,1,32,2,20000,true,2.494000,0.389000,2.883000,0.564200,2.883000,2.883000,1.441500,100.00,0.965878,2.985
rounding,rounding_g2,tier,FP64/FP32x2,,two_ghz,0,64,1,20000,false,6.410000,1.568000,7.978000,1.341000,7.979000,3.989500,3.989500,100.00,1.382200,5.772
rounding,rounding_g2,tier,FP64/FP32x2,,two_ghz,1,32,2,20000,false,6.642000,1.611000,8.253000,1.336000,8.254000,4.127000,2.063500,100.00,1.382200,5.971
rounding,rounding_g3,tier,FP64/FP32x2/FP16x4,,one_ghz,0,64,1,20000,true,3.177000,0.478800,3.655800,0.627500,3.656000,3.656000,3.656000,100.00,1.240100,2.948
rounding,rounding_g3,tier,FP64/FP32x2/FP16x4,,one_ghz,1,32,2,20000,true,3.277000,0.490700,3.767700,0.627300,3.769000,3.769000,1.884500,100.00,1.240100,3.038
rounding,rounding_g3,tier,FP64/FP32x2/FP16x4,,one_ghz,2,16,4,20000,true,3.353000,0.504000,3.857000,0.625700,3.858000,3.858000,0.964500,100.00,1.240100,3.110
rounding,rounding_g3,tier,FP64/FP32x2/FP16x4,,two_ghz,0,64,1,20000,false,7.834000,1.700000,9.534000,1.457000,9.535000,4.767500,4.767500,100.00,1.617300,5.895
rounding,rounding_g3,tier,FP64/FP32x2/FP16x4,,two_ghz,1,32,2,20000,false,8.035000,1.731000,9.766000,1.455000,9.767000,4.883500,2.441750,100.00,1.617300,6.038
rounding,rounding_g3,tier,FP64/FP32x2/FP16x4,,two_ghz,2,16,4,20000,false,8.278000,1.788000,10.066000,1.454000,10.100000,5.050000,1.262500,100.00,1.617300,6.224
rounding,rounding_fix_32x2,fixed,FP32x2,,one_ghz,0,32,2,20000,true,1.629000,0.187300,1.816300,0.197300,1.817000,1.817000,0.908500,100.00,0.574896,3.159
rounding,rounding_fix_32x2,fixed,FP32x2,,two_ghz,0,32,2,20000,true,4.181000,0.731900,4.912900,0.454800,4.914000,2.457000,1.228500,100.00,0.763716,6.433
rounding,rounding_fix_16x4,fixed,FP16x4,,one_ghz,0,16,4,20000,true,1.164000,0.131200,1.295200,0.106400,1.296000,1.296000,0.324000,100.00,0.434505,2.981
rounding,rounding_fix_16x4,fixed,FP16x4,,two_ghz,0,16,4,20000,true,3.270000,0.471900,3.741900,0.262400,3.742000,1.871000,0.467750,100.00,0.629018,5.949
mult,mult_k64,tier,64,,one_ghz,0,64,1,20000,true,29.500000,6.457000,35.957000,2.995000,36.000000,36.000000,36.000000,100.00,19.820700,1.814
mult,mult_k64,tier,64,,two_ghz,0,64,1,20000,false,68.000000,16.500000,84.500000,3.737000,84.500000,42.250000,42.250000,100.00,23.081000,3.661
mult,mult_k64_32,tier,64/32x2,,one_ghz,0,64,1,20000,true,26.700000,5.728000,32.428000,1.892000,32.500000,32.500000,32.500000,100.00,14.015000,2.314
mult,mult_k64_32,tier,64/32x2,,one_ghz,1,32,2,20000,true,26.600000,5.661000,32.261000,1.893000,32.300000,32.300000,16.150000,100.00,14.015000,2.302
mult,mult_k64_32,tier,64/32x2,,two_ghz,0,64,1,20000,false,42.900000,11.400000,54.300000,3.006000,54.300000,27.150000,27.150000,100.00,17.378600,3.125
mult,mult_k64_32,tier,64/32x2,,two_ghz,1,32,2,20000,false,42.600000,11.200000,53.800000,2.999000,53.800000,26.900000,13.450000,100.00,17.378600,3.096
mult,mult_k64_32_16,tier,64/32x2/16x4,,one_ghz,0,64,1,20000,true,31.400000,7.435000,38.835000,3.281000,38.800000,38.800000,38.800000,100.00,21.373300,1.817
mult,mult_k64_32_16,tier,64/32x2/16x4,,one_ghz,1,32,2,20000,true,31.400000,7.415000,38.815000,3.280000,38.800000,38.800000,19.400000,100.00,21.373300,1.816
mult,mult_k64_32_16,tier,64/32x2/16x4,,one_ghz,2,16,4,20000,true,31.300000,7.389000,38.689000,3.280000,38.700000,38.700000,9.675000,100.00,21.373300,1.810
mult,mult_k64_32_16,tier,64/32x2/16x4,,two_ghz,0,64,1,20000,false,62.600000,15.400000,78.000000,3.518000,78.000000,39.000000,39.000000,100.00,21.707300,3.593
mult,mult_k64_32_16,tier,64/32x2/16x4,,two_ghz,1,32,2,20000,false,62.500000,15.300000,77.800000,3.517000,77.900000,38.950000,19.475000,100.00,21.707300,3.584
mult,mult_k64_32_16,tier,64/32x2/16x4,,two_ghz,2,16,4,20000,false,62.500000,15.200000,77.700000,3.517000,77.700000,38.850000,9.712500,100.00,21.707300,3.579
mult,mult_kfix_32x2,fixed_karatsuba,32x2,,one_ghz,0,32,2,20000,true,12.400000,3.151000,15.551000,0.923500,15.500000,15.500000,7.750000,100.00,6.773100,2.296
mult,mult_kfix_32x2,fixed_karatsuba,32x2,,two_ghz,0,32,2,20000,false,23.700000,6.464000,30.164000,2.020000,30.200000,15.100000,7.550000,100.00,10.087300,2.990
mult,mult_kfix_16x4,fixed_karatsuba,16x4,,one_ghz,0,16,4,20000,true,3.017000,0.844800,3.861800,0.245300,3.862000,3.862000,0.965500,100.00,1.706600,2.263
mult,mult_kfix_16x4,fixed_karatsuba,16x4,,two_ghz,0,16,4,20000,true,6.548000,0.993900,7.541900,0.377600,7.542000,3.771000,0.942750,100.00,2.638900,2.858
mult,mult_dwfix_64,fixed_designware,64,,one_ghz,0,64,1,20000,true,18.400000,4.127000,22.527000,1.098000,22.500000,22.500000,22.500000,100.00,9.620700,2.342
mult,mult_dwfix_64,fixed_designware,64,,two_ghz,0,64,1,20000,false,23.500000,7.129000,30.629000,2.284000,30.600000,15.300000,15.300000,100.00,11.077200,2.765
mult,mult_dwfix_32x2,fixed_designware,32x2,,one_ghz,0,32,2,20000,true,11.000000,2.412000,13.412000,0.495500,13.400000,13.400000,6.700000,100.00,5.342600,2.510
mult,mult_dwfix_32x2,fixed_designware,32x2,,two_ghz,0,32,2,20000,true,12.600000,3.281000,15.881000,1.185000,15.900000,7.950000,3.975000,100.00,5.190400,3.060
mult,mult_dwfix_16x4,fixed_designware,16x4,,one_ghz,0,16,4,20000,true,3.017000,0.844800,3.861800,0.245300,3.862000,3.862000,0.965500,100.00,1.706600,2.263
mult,mult_dwfix_16x4,fixed_designware,16x4,,two_ghz,0,16,4,20000,true,6.548000,0.993900,7.541900,0.377600,7.542000,3.771000,0.942750,100.00,2.638900,2.858
addsub_minmax,addsub_minmax_d1,tier,64,addsub,one_ghz,0,64,1,20000,true,2.308000,0.344500,2.652500,0.152600,2.653000,2.653000,2.653000,100.00,0.860940,3.081
addsub_minmax,addsub_minmax_d1,tier,64,minmax,one_ghz,0,64,1,20000,true,2.217000,0.276300,2.493300,0.152100,2.493000,2.493000,2.493000,100.00,0.860940,2.896
addsub_minmax,addsub_minmax_d1,tier,64,addsub,two_ghz,0,64,1,20000,true,5.774000,1.264000,7.038000,0.396500,7.039000,3.519500,3.519500,100.00,1.194500,5.892
addsub_minmax,addsub_minmax_d1,tier,64,minmax,two_ghz,0,64,1,20000,true,5.530000,1.074000,6.604000,0.412500,6.604000,3.302000,3.302000,100.00,1.194500,5.529
addsub_minmax,addsub_minmax_d2,tier,64/32x2,addsub,one_ghz,0,64,1,20000,true,2.493000,0.343200,2.836200,0.174600,2.837000,2.837000,2.837000,100.00,0.912389,3.109
addsub_minmax,addsub_minmax_d2,tier,64/32x2,addsub,one_ghz,1,32,2,20000,true,2.478000,0.340500,2.818500,0.174700,2.818000,2.818000,1.409000,100.00,0.912389,3.089
addsub_minmax,addsub_minmax_d2,tier,64/32x2,minmax,one_ghz,0,64,1,20000,true,2.210000,0.268100,2.478100,0.174700,2.479000,2.479000,2.479000,100.00,0.912389,2.716
addsub_minmax,addsub_minmax_d2,tier,64/32x2,minmax,one_ghz,1,32,2,20000,true,2.278000,0.275700,2.553700,0.174300,2.554000,2.554000,1.277000,100.00,0.912389,2.799
addsub_minmax,addsub_minmax_d2,tier,64/32x2,addsub,two_ghz,0,64,1,20000,true,6.393000,1.515000,7.908000,0.462700,7.908000,3.954000,3.954000,100.00,1.327000,5.959
addsub_minmax,addsub_minmax_d2,tier,64/32x2,addsub,two_ghz,1,32,2,20000,true,6.100000,1.442000,7.542000,0.461700,7.542000,3.771000,1.885500,100.00,1.327000,5.683
addsub_minmax,addsub_minmax_d2,tier,64/32x2,minmax,two_ghz,0,64,1,20000,true,5.965000,1.279000,7.244000,0.470900,7.244000,3.622000,3.622000,100.00,1.327000,5.459
addsub_minmax,addsub_minmax_d2,tier,64/32x2,minmax,two_ghz,1,32,2,20000,true,6.109000,1.300000,7.409000,0.469700,7.409000,3.704500,1.852250,100.00,1.327000,5.583
addsub_minmax,addsub_minmax_d4,tier,64/32x2/16x4,addsub,one_ghz,0,64,1,20000,true,2.851000,0.493700,3.344700,0.228100,3.345000,3.345000,3.345000,100.00,1.098200,3.046
addsub_minmax,addsub_minmax_d4,tier,64/32x2/16x4,addsub,one_ghz,1,32,2,20000,true,2.821000,0.490000,3.311000,0.227700,3.312000,3.312000,1.656000,100.00,1.098200,3.015
addsub_minmax,addsub_minmax_d4,tier,64/32x2/16x4,addsub,one_ghz,2,16,4,20000,true,2.791000,0.484500,3.275500,0.228900,3.276000,3.276000,0.819000,100.00,1.098200,2.983
addsub_minmax,addsub_minmax_d4,tier,64/32x2/16x4,minmax,one_ghz,0,64,1,20000,true,2.430000,0.384800,2.814800,0.228600,2.815000,2.815000,2.815000,100.00,1.098200,2.563
addsub_minmax,addsub_minmax_d4,tier,64/32x2/16x4,minmax,one_ghz,1,32,2,20000,true,2.397000,0.381200,2.778200,0.228300,2.779000,2.779000,1.389500,100.00,1.098200,2.530
addsub_minmax,addsub_minmax_d4,tier,64/32x2/16x4,minmax,one_ghz,2,16,4,20000,true,2.396000,0.383200,2.779200,0.228900,2.780000,2.780000,0.695000,100.00,1.098200,2.531
addsub_minmax,addsub_minmax_d4,tier,64/32x2/16x4,addsub,two_ghz,0,64,1,20000,true,6.538000,1.657000,8.195000,0.530800,8.196000,4.098000,4.098000,100.00,1.557100,5.263
addsub_minmax,addsub_minmax_d4,tier,64/32x2/16x4,addsub,two_ghz,1,32,2,20000,true,6.300000,1.595000,7.895000,0.528300,7.896000,3.948000,1.974000,100.00,1.557100,5.070
addsub_minmax,addsub_minmax_d4,tier,64/32x2/16x4,addsub,two_ghz,2,16,4,20000,true,6.319000,1.614000,7.933000,0.530400,7.933000,3.966500,0.991625,100.00,1.557100,5.095
addsub_minmax,addsub_minmax_d4,tier,64/32x2/16x4,minmax,two_ghz,0,64,1,20000,true,6.704000,1.541000,8.245000,0.544600,8.245000,4.122500,4.122500,100.00,1.557100,5.295
addsub_minmax,addsub_minmax_d4,tier,64/32x2/16x4,minmax,two_ghz,1,32,2,20000,true,6.564000,1.506000,8.070000,0.543900,8.070000,4.035000,2.017500,100.00,1.557100,5.183
addsub_minmax,addsub_minmax_d4,tier,64/32x2/16x4,minmax,two_ghz,2,16,4,20000,true,6.535000,1.512000,8.047000,0.545300,8.047000,4.023500,1.005875,100.00,1.557100,5.168
addsub_minmax,addsub_minmax_d8,tier,64/32x2/16x4/8x8,addsub,one_ghz,0,64,1,20000,true,2.721000,0.482900,3.203900,0.214900,3.204000,3.204000,3.204000,100.00,1.097500,2.919
addsub_minmax,addsub_minmax_d8,tier,64/32x2/16x4/8x8,addsub,one_ghz,1,32,2,20000,true,2.689000,0.475100,3.164100,0.214800,3.164000,3.164000,1.582000,100.00,1.097500,2.883
addsub_minmax,addsub_minmax_d8,tier,64/32x2/16x4/8x8,addsub,one_ghz,2,16,4,20000,true,2.634000,0.468200,3.102200,0.214400,3.103000,3.103000,0.775750,100.00,1.097500,2.827
addsub_minmax,addsub_minmax_d8,tier,64/32x2/16x4/8x8,addsub,one_ghz,3,8,8,20000,true,2.569000,0.460000,3.029000,0.214500,3.029000,3.029000,0.378625,100.00,1.097500,2.760
addsub_minmax,addsub_minmax_d8,tier,64/32x2/16x4/8x8,minmax,one_ghz,0,64,1,20000,true,2.242000,0.376500,2.618500,0.218700,2.618000,2.618000,2.618000,100.00,1.097500,2.386
addsub_minmax,addsub_minmax_d8,tier,64/32x2/16x4/8x8,minmax,one_ghz,1,32,2,20000,true,2.219000,0.370900,2.589900,0.218900,2.591000,2.591000,1.295500,100.00,1.097500,2.360
addsub_minmax,addsub_minmax_d8,tier,64/32x2/16x4/8x8,minmax,one_ghz,2,16,4,20000,true,2.175000,0.364500,2.539500,0.219000,2.540000,2.540000,0.635000,100.00,1.097500,2.314
addsub_minmax,addsub_minmax_d8,tier,64/32x2/16x4/8x8,minmax,one_ghz,3,8,8,20000,true,2.163000,0.363200,2.526200,0.219900,2.527000,2.527000,0.315875,100.00,1.097500,2.302
addsub_minmax,addsub_minmax_d8,tier,64/32x2/16x4/8x8,addsub,two_ghz,0,64,1,20000,true,8.434000,2.224000,10.658000,0.763100,10.700000,5.350000,5.350000,100.00,1.862000,5.724
addsub_minmax,addsub_minmax_d8,tier,64/32x2/16x4/8x8,addsub,two_ghz,1,32,2,20000,true,8.216000,2.171000,10.387000,0.764100,10.400000,5.200000,2.600000,100.00,1.862000,5.578
addsub_minmax,addsub_minmax_d8,tier,64/32x2/16x4/8x8,addsub,two_ghz,2,16,4,20000,true,8.328000,2.206000,10.534000,0.760100,10.500000,5.250000,1.312500,100.00,1.862000,5.657
addsub_minmax,addsub_minmax_d8,tier,64/32x2/16x4/8x8,addsub,two_ghz,3,8,8,20000,true,7.755000,2.059000,9.814000,0.757300,9.815000,4.907500,0.613438,100.00,1.862000,5.271
addsub_minmax,addsub_minmax_d8,tier,64/32x2/16x4/8x8,minmax,two_ghz,0,64,1,20000,true,8.002000,2.013000,10.015000,0.777000,10.000000,5.000000,5.000000,100.00,1.862000,5.379
addsub_minmax,addsub_minmax_d8,tier,64/32x2/16x4/8x8,minmax,two_ghz,1,32,2,20000,true,8.114000,2.057000,10.171000,0.775900,10.200000,5.100000,2.550000,100.00,1.862000,5.462
addsub_minmax,addsub_minmax_d8,tier,64/32x2/16x4/8x8,minmax,two_ghz,2,16,4,20000,true,8.016000,2.033000,10.049000,0.773700,10.100000,5.050000,1.262500,100.00,1.862000,5.397
addsub_minmax,addsub_minmax_d8,tier,64/32x2/16x4/8x8,minmax,two_ghz,3,8,8,20000,true,7.712000,1.975000,9.687000,0.771900,9.687000,4.843500,0.605437,100.00,1.862000,5.202
fp_minmax,fp_minmax_w32_m1,tier,FP32,,one_ghz,0,32,1,20000,true,0.466600,0.045190,0.511790,0.023750,0.511900,0.511900,0.511900,100.00,0.172223,2.972
fp_minmax,fp_minmax_w32_m1,tier,FP32,,two_ghz,0,32,1,20000,true,0.936100,0.093090,1.029190,0.033030,1.029000,0.514500,0.514500,100.00,0.194819,5.283
fp_minmax,fp_minmax_w32_m2,tier,FP32/FP16x2,,one_ghz,0,32,1,20000,true,0.463000,0.050960,0.513960,0.026470,0.514000,0.514000,0.514000,100.00,0.183746,2.797
fp_minmax,fp_minmax_w32_m2,tier,FP32/FP16x2,,one_ghz,1,16,2,20000,true,0.461700,0.050540,0.512240,0.026280,0.512300,0.512300,0.256150,100.00,0.183746,2.788
fp_minmax,fp_minmax_w32_m2,tier,FP32/FP16x2,,two_ghz,0,32,1,20000,true,0.944100,0.125500,1.069600,0.039520,1.070000,0.535000,0.535000,100.00,0.193288,5.534
fp_minmax,fp_minmax_w32_m2,tier,FP32/FP16x2,,two_ghz,1,16,2,20000,true,0.957000,0.126400,1.083400,0.039150,1.083000,0.541500,0.270750,100.00,0.193288,5.605
fp_minmax,fp_minmax_fix_32,fixed,FP32,,one_ghz,0,32,1,20000,true,0.414500,0.039580,0.454080,0.020780,0.454100,0.454100,0.454100,100.00,0.161175,2.817
fp_minmax,fp_minmax_fix_32,fixed,FP32,,two_ghz,0,32,1,20000,true,1.073000,0.122600,1.195600,0.037980,1.196000,0.598000,0.598000,100.00,0.186022,6.427
fp_minmax,fp_minmax_fix_16x2,fixed,FP16x2,,one_ghz,0,16,2,20000,true,0.360000,0.032940,0.392940,0.015570,0.393000,0.393000,0.196500,100.00,0.146804,2.677
fp_minmax,fp_minmax_fix_16x2,fixed,FP16x2,,two_ghz,0,16,2,20000,true,0.761100,0.097170,0.858270,0.025980,0.858300,0.429150,0.214575,100.00,0.159792,5.371
