family,design,role,capability,corner,rtl,rtl_edited_left_edge,target_period_ns,closure_factor,achieved_delay_ns,fmax_ghz,timing_met,cell_area_um2,static_leakage_power_uw,dynamic_power_mw,dynamic_internal_mw,dynamic_switching_mw,prev_timing_met,prev_achieved_delay_ns,prev_cell_area_um2,prev_static_leakage_power_uw,prev_dynamic_power_mw,delta_area_percent,delta_static_percent,delta_dynamic_percent
addsub,addsub_d1,tier,64,one_ghz,rtl/fu_add_sub_gen.sv,false,1.000,1.0,0.999649,1.000351,true,182.262002,0.070573,0.512856,0.068881,0.443976,true,0.999649,182.262002,0.070573,0.512856,0.00,-0.00,0.00
addsub,addsub_d1,tier,64,two_ghz,rtl/fu_add_sub_gen.sv,false,0.500,1.0,0.499874,2.000504,true,228.216001,0.103913,0.522269,0.078441,0.443828,true,0.499874,228.216001,0.103913,0.522269,0.00,-0.00,-0.00
addsub,addsub_d2,tier,64/32x2,one_ghz,rtl/fu_add_sub_gen.sv,false,1.000,1.0,0.998524,1.001478,true,178.798801,0.066940,0.491078,0.062810,0.428268,true,0.998524,178.798801,0.066940,0.491078,0.00,-0.00,0.00
addsub,addsub_d2,tier,64/32x2,two_ghz,rtl/fu_add_sub_gen.sv,false,0.500,1.0,0.499979,2.000084,true,249.261600,0.122809,0.567161,0.085415,0.481745,true,0.499979,249.261600,0.122809,0.567161,0.00,0.00,-0.00
addsub,addsub_d4,tier,64/32x2/16x4,one_ghz,rtl/fu_add_sub_gen.sv,false,1.000,1.0,0.999846,1.000154,true,184.659601,0.071456,0.550115,0.069742,0.480373,true,0.999846,184.659601,0.071456,0.550115,0.00,-0.00,0.00
addsub,addsub_d4,tier,64/32x2/16x4,two_ghz,rtl/fu_add_sub_gen.sv,false,0.500,1.0,0.499925,2.000300,true,276.123599,0.143084,0.636496,0.099879,0.536616,true,0.499925,276.123599,0.143084,0.636496,0.00,0.00,0.00
addsub,addsub_d8,tier,64/32x2/16x4/8x8,one_ghz,rtl/fu_add_sub_gen.sv,false,1.000,1.0,0.999645,1.000355,true,236.563200,0.115866,0.556849,0.094420,0.462429,true,0.999645,236.563200,0.115866,0.556849,0.00,-0.00,-0.00
addsub,addsub_d8,tier,64/32x2/16x4/8x8,two_ghz,rtl/fu_add_sub_gen.sv,false,0.500,1.0,0.499809,2.000764,true,299.788799,0.161257,0.665242,0.110696,0.554546,true,0.499809,299.788799,0.161257,0.665242,0.00,-0.00,0.00
addsub,addsub_fix_64,fixed,64,one_ghz,rtl/standalone/fu_add_sub_64.sv,false,1.000,1.0,0.999519,1.000481,true,173.959202,0.064079,0.470908,0.056193,0.414715,true,0.999519,173.959202,0.064079,0.470908,0.00,0.00,0.00
addsub,addsub_fix_64,fixed,64,two_ghz,rtl/standalone/fu_add_sub_64.sv,false,0.500,1.0,0.499992,2.000032,true,207.214800,0.083095,0.523717,0.065296,0.458421,true,0.499992,207.214800,0.083095,0.523717,0.00,0.00,0.00
addsub,addsub_fix_32x2,fixed,32x2,one_ghz,rtl/standalone/fu_add_sub_32x2.sv,false,1.000,1.0,0.996843,1.003167,true,263.469603,0.085748,0.990480,0.106493,0.883987,true,0.996843,263.469603,0.085748,0.990480,0.00,0.00,-0.00
addsub,addsub_fix_32x2,fixed,32x2,two_ghz,rtl/standalone/fu_add_sub_32x2.sv,false,0.500,1.0,0.499780,2.000880,true,312.931203,0.129509,1.056600,0.152241,0.904364,true,0.499780,312.931203,0.129509,1.056600,0.00,-0.00,0.00
addsub,addsub_fix_16x4,fixed,16x4,one_ghz,rtl/standalone/fu_add_sub_16x4.sv,false,1.000,1.0,0.987982,1.012164,true,110.111996,0.038301,0.256827,0.048241,0.208586,true,0.987982,110.111996,0.038301,0.256827,0.00,0.00,-0.00
addsub,addsub_fix_16x4,fixed,16x4,two_ghz,rtl/standalone/fu_add_sub_16x4.sv,false,0.500,1.0,0.499949,2.000204,true,168.231602,0.065736,0.430823,0.060166,0.370657,true,0.499949,168.231602,0.065736,0.430823,0.00,0.00,-0.00
addsub,addsub_fix_8x8,fixed,8x8,one_ghz,rtl/standalone/fu_add_sub_8x8.sv,false,1.000,1.0,0.631512,1.583501,true,105.050396,0.035927,0.222170,0.044826,0.177344,true,0.631512,105.050396,0.035927,0.222170,0.00,-0.00,0.00
addsub,addsub_fix_8x8,fixed,8x8,two_ghz,rtl/standalone/fu_add_sub_8x8.sv,false,0.500,1.0,0.497002,2.012064,true,105.938396,0.036925,0.222931,0.045311,0.177620,true,0.497002,105.938396,0.036925,0.222931,0.00,0.00,0.00
minmax,minmax_m1,tier,64,one_ghz,rtl/fu_min_max_gen.sv,false,1.000,1.0,0.999804,1.000196,true,118.769998,0.057854,0.343493,0.039730,0.303763,true,0.999804,118.769998,0.057854,0.343493,0.00,0.00,0.00
minmax,minmax_m1,tier,64,two_ghz,rtl/fu_min_max_gen.sv,false,0.500,1.0,0.498822,2.004723,true,116.150399,0.047815,0.274050,0.036695,0.237355,true,0.498822,116.150399,0.047815,0.274050,0.00,0.00,-0.00
minmax,minmax_m2,tier,64/32x2,one_ghz,rtl/fu_min_max_gen.sv,false,1.000,1.0,0.999674,1.000326,true,113.486398,0.041285,0.356712,0.029385,0.327327,true,0.999674,113.486398,0.041285,0.356712,0.00,-0.00,0.00
minmax,minmax_m2,tier,64/32x2,two_ghz,rtl/fu_min_max_gen.sv,false,0.500,1.0,0.499819,2.000724,true,126.362399,0.047843,0.306226,0.033063,0.273163,true,0.499819,126.362399,0.047843,0.306226,0.00,0.00,-0.00
minmax,minmax_m4,tier,64/32x2/16x4,one_ghz,rtl/fu_min_max_gen.sv,false,1.000,1.0,0.999748,1.000252,true,119.213998,0.044398,0.424642,0.033574,0.391067,true,0.999748,119.213998,0.044398,0.424642,0.00,-0.00,-0.00
minmax,minmax_m4,tier,64/32x2/16x4,two_ghz,rtl/fu_min_max_gen.sv,false,0.500,1.0,0.499787,2.000852,true,141.902400,0.059265,0.334106,0.043937,0.290168,true,0.499787,141.902400,0.059265,0.334106,0.00,-0.00,-0.00
minmax,minmax_fix_64,fixed,64,one_ghz,rtl/fu_min_max.sv,false,1.000,1.0,0.999370,1.000630,true,105.228000,0.035899,0.257416,0.030375,0.227041,true,0.999370,105.228000,0.035899,0.257416,0.00,0.00,0.00
minmax,minmax_fix_64,fixed,64,two_ghz,rtl/fu_min_max.sv,false,0.500,1.0,0.498328,2.006710,true,130.491600,0.053417,0.292136,0.033722,0.258414,true,0.498328,130.491600,0.053417,0.292136,0.00,-0.00,0.00
minmax,minmax_fix_32x2,fixed,32x2,one_ghz,rtl/standalone/min_max_standalones/fu_min_max_32x2.sv,false,1.000,1.0,0.999186,1.000815,true,138.527999,0.062287,0.379367,0.042283,0.337084,true,0.999186,138.527999,0.062287,0.379367,0.00,-0.00,0.00
minmax,minmax_fix_32x2,fixed,32x2,two_ghz,rtl/standalone/min_max_standalones/fu_min_max_32x2.sv,false,0.500,1.0,0.499239,2.003049,true,111.088801,0.040123,0.289298,0.032959,0.256339,true,0.499239,111.088801,0.040123,0.289298,0.00,0.00,-0.00
minmax,minmax_fix_16x4,fixed,16x4,one_ghz,rtl/standalone/min_max_standalones/fu_min_max_16x4.sv,false,1.000,1.0,0.999365,1.000635,true,93.595199,0.033305,0.316937,0.025160,0.291777,true,0.999365,93.595199,0.033305,0.316937,0.00,0.00,-0.00
minmax,minmax_fix_16x4,fixed,16x4,two_ghz,rtl/standalone/min_max_standalones/fu_min_max_16x4.sv,false,0.500,1.0,0.499723,2.001109,true,99.589200,0.034325,0.259323,0.026965,0.232358,true,0.499723,99.589200,0.034325,0.259323,0.00,0.00,0.00
cmp,cmp_c1,tier,64,one_ghz,rtl/fu_cmp_gen.sv,true,1.000,1.0,0.984158,1.016097,true,85.736400,0.025907,0.207919,0.016373,0.191546,true,0.984158,85.736400,0.025907,0.207919,0.00,0.00,0.00
cmp,cmp_c1,tier,64,two_ghz,rtl/fu_cmp_gen.sv,true,0.500,1.0,0.499846,2.000616,true,117.038399,0.045501,0.240319,0.023399,0.216920,true,0.499846,117.038399,0.045501,0.240319,0.00,-0.00,-0.00
cmp,cmp_c2,tier,64/32x2,one_ghz,rtl/fu_cmp_gen.sv,true,1.000,1.0,0.998799,1.001202,true,90.797999,0.032200,0.211984,0.018572,0.193412,true,0.999096,90.931200,0.027427,0.222834,-0.15,17.40,-4.87
cmp,cmp_c2,tier,64/32x2,two_ghz,rtl/fu_cmp_gen.sv,true,0.500,1.0,0.499680,2.001281,true,128.537999,0.055027,0.234607,0.025617,0.208990,true,0.499929,119.391599,0.047004,0.244183,7.66,17.07,-3.92
cmp,cmp_c4,tier,64/32x2/16x4,one_ghz,rtl/fu_cmp_gen.sv,true,1.000,1.0,0.998425,1.001577,true,139.948799,0.048956,0.315142,0.028630,0.286513,true,0.999328,145.853998,0.057690,0.309945,-4.05,-15.14,1.68
cmp,cmp_c4,tier,64/32x2/16x4,two_ghz,rtl/fu_cmp_gen.sv,true,0.500,1.0,0.499795,2.000820,true,230.435998,0.111551,0.367175,0.042274,0.324901,true,0.499709,222.133198,0.106841,0.356930,3.74,4.41,2.87
cmp,cmp_c8,tier,64/32x2/16x4/8x8,one_ghz,rtl/fu_cmp_gen.sv,true,1.000,1.0,0.999551,1.000449,true,142.301999,0.051391,0.334018,0.030433,0.303585,true,0.999830,148.384799,0.060736,0.325929,-4.10,-15.39,2.48
cmp,cmp_c8,tier,64/32x2/16x4/8x8,two_ghz,rtl/fu_cmp_gen.sv,true,0.500,1.0,0.499764,2.000944,true,241.136398,0.121315,0.384250,0.046600,0.337650,true,0.499972,244.555198,0.124740,0.383492,-1.40,-2.75,0.20
cmp,cmp_fix_64,fixed,64,one_ghz,rtl/standalone/cmp_standalones/fu_cmp_64.sv,false,1.000,1.0,0.998670,1.001332,true,93.195600,0.028047,0.212798,0.020941,0.191857,true,0.998670,93.195600,0.028047,0.212798,0.00,-0.00,-0.00
cmp,cmp_fix_64,fixed,64,two_ghz,rtl/standalone/cmp_standalones/fu_cmp_64.sv,false,0.500,1.0,0.499970,2.000120,true,121.744800,0.049364,0.246457,0.028472,0.217984,true,0.499970,121.744800,0.049364,0.246457,0.00,0.00,-0.00
cmp,cmp_fix_32x2,fixed,32x2,one_ghz,rtl/standalone/cmp_standalones/fu_cmp_32x2.sv,false,1.000,1.0,0.999805,1.000195,true,132.800399,0.049369,0.312195,0.033641,0.278554,true,0.999805,132.800399,0.049369,0.312195,0.00,0.00,0.00
cmp,cmp_fix_32x2,fixed,32x2,two_ghz,rtl/standalone/cmp_standalones/fu_cmp_32x2.sv,false,0.500,1.0,0.499570,2.001721,true,102.475200,0.040047,0.246280,0.019431,0.226849,true,0.499570,102.475200,0.040047,0.246280,0.00,-0.00,0.00
cmp,cmp_fix_16x4,fixed,16x4,one_ghz,rtl/standalone/cmp_standalones/fu_cmp_16x4.sv,false,1.000,1.0,0.995907,1.004110,true,97.058400,0.026235,0.303469,0.019482,0.283987,true,0.995907,97.058400,0.026235,0.303469,0.00,0.00,-0.00
cmp,cmp_fix_16x4,fixed,16x4,two_ghz,rtl/standalone/cmp_standalones/fu_cmp_16x4.sv,false,0.500,1.0,0.499773,2.000908,true,119.436000,0.046123,0.293096,0.029688,0.263408,true,0.499773,119.436000,0.046123,0.293096,0.00,0.00,-0.00
cmp,cmp_fix_8x8,fixed,8x8,one_ghz,rtl/standalone/cmp_standalones/fu_cmp_8x8.sv,false,1.000,1.0,0.997838,1.002167,true,101.365200,0.027274,0.260120,0.018058,0.242062,true,0.997838,101.365200,0.027274,0.260120,0.00,-0.00,0.00
cmp,cmp_fix_8x8,fixed,8x8,two_ghz,rtl/standalone/cmp_standalones/fu_cmp_8x8.sv,false,0.500,1.0,0.499936,2.000256,true,130.003200,0.053347,0.286778,0.027891,0.258886,true,0.499936,130.003200,0.053347,0.286778,0.00,0.00,-0.00
abs,abs_a1,tier,64,one_ghz,rtl/fu_abs_gen.sv,true,1.000,1.0,0.995457,1.004564,true,133.466402,0.052010,0.215481,0.041678,0.173804,true,0.995457,133.466402,0.052010,0.215481,0.00,-0.00,0.00
abs,abs_a1,tier,64,two_ghz,rtl/fu_abs_gen.sv,true,0.500,1.0,0.499731,2.001077,true,174.270001,0.082706,0.220780,0.047273,0.173508,true,0.499731,174.270001,0.082706,0.220780,0.00,0.00,0.00
abs,abs_a2,tier,64/32x2,one_ghz,rtl/fu_abs_gen.sv,true,1.000,1.0,0.997880,1.002125,true,156.110402,0.065469,0.241467,0.044072,0.197395,true,0.997880,156.110402,0.065469,0.241467,0.00,0.00,-0.00
abs,abs_a2,tier,64/32x2,two_ghz,rtl/fu_abs_gen.sv,true,0.500,1.0,0.499997,2.000012,true,175.690801,0.085916,0.247035,0.048419,0.198617,true,0.499997,175.690801,0.085916,0.247035,0.00,0.00,0.00
abs,abs_a3,tier,64/32x2/16x4,one_ghz,rtl/fu_abs_gen.sv,true,1.000,1.0,0.999756,1.000244,true,152.292002,0.062147,0.349751,0.054924,0.294827,true,0.999666,154.689602,0.063200,0.317007,-1.55,-1.67,10.33
abs,abs_a3,tier,64/32x2/16x4,two_ghz,rtl/fu_abs_gen.sv,true,0.500,1.0,0.499942,2.000232,true,201.087601,0.106407,0.308160,0.061269,0.246891,true,0.499909,201.442801,0.105446,0.301127,-0.18,0.91,2.34
abs,abs_fix_32x2,fixed,32x2,one_ghz,rtl/standalone/abs_standalones/fu_abs_32x2.sv,false,1.000,1.0,0.999916,1.000084,true,120.146398,0.043608,0.369997,0.023770,0.346227,true,0.999916,120.146398,0.043608,0.369997,0.00,0.00,0.00
abs,abs_fix_32x2,fixed,32x2,two_ghz,rtl/standalone/abs_standalones/fu_abs_32x2.sv,false,0.500,1.0,0.499240,2.003045,true,132.978001,0.048467,0.173665,0.032102,0.141563,true,0.499240,132.978001,0.048467,0.173665,0.00,0.00,-0.00
abs,abs_fix_16x4,fixed,16x4,one_ghz,rtl/standalone/abs_standalones/fu_abs_16x4.sv,false,1.000,1.0,0.999984,1.000016,true,66.822001,0.021420,0.096962,0.009737,0.087225,true,0.999984,66.822001,0.021420,0.096962,0.00,-0.00,-0.00
abs,abs_fix_16x4,fixed,16x4,two_ghz,rtl/standalone/abs_standalones/fu_abs_16x4.sv,false,0.500,1.0,0.499893,2.000428,true,89.155200,0.033778,0.103095,0.011884,0.091210,true,0.499893,89.155200,0.033778,0.103095,0.00,0.00,-0.00
barrel,barrel_bs1,tier,64,one_ghz,rtl/fu_barrel_shift_gen.sv,true,1.000,1.0,0.999774,1.000226,true,334.198796,0.127242,1.290400,0.072002,1.218400,true,0.999774,334.198796,0.127242,1.290400,0.00,0.00,0.00
barrel,barrel_bs1,tier,64,two_ghz,rtl/fu_barrel_shift_gen.sv,true,0.500,1.0,0.499981,2.000076,true,643.977600,0.341512,1.511600,0.184432,1.327100,true,0.499981,643.977600,0.341512,1.511600,0.00,0.00,0.00
barrel,barrel_bs2,tier,64/32x2,one_ghz,rtl/fu_barrel_shift_gen.sv,true,1.000,1.0,0.999905,1.000095,true,351.603596,0.137668,1.316000,0.077671,1.238300,true,0.999617,357.686396,0.139004,1.287900,-1.70,-0.96,2.18
barrel,barrel_bs2,tier,64/32x2,two_ghz,rtl/fu_barrel_shift_gen.sv,true,0.500,1.0,0.499997,2.000012,true,605.127594,0.311039,1.413700,0.147606,1.266100,true,0.499953,607.702795,0.318039,1.444300,-0.42,-2.20,-2.12
barrel,barrel_bs3,tier,64/32x2/16x4,one_ghz,rtl/fu_barrel_shift_gen.sv,true,1.000,1.0,0.999815,1.000185,true,390.897597,0.155506,1.421000,0.084442,1.336600,true,0.999745,391.696796,0.154816,1.435700,-0.20,0.45,-1.02
barrel,barrel_bs3,tier,64/32x2/16x4,two_ghz,rtl/fu_barrel_shift_gen.sv,true,0.500,1.0,0.499924,2.000304,true,736.729192,0.399007,1.683900,0.203299,1.480700,true,0.499985,762.259194,0.417944,1.710900,-3.35,-4.53,-1.58
barrel,barrel_fix_32x2,fixed,32x2,one_ghz,rtl/standalone/barrel_shift_standalones/fu_barrel_shift_32x2.sv,false,1.000,1.0,0.999666,1.000334,true,263.691596,0.091746,0.949717,0.052604,0.897113,true,0.999666,263.691596,0.091746,0.949717,0.00,-0.00,-0.00
barrel,barrel_fix_32x2,fixed,32x2,two_ghz,rtl/standalone/barrel_shift_standalones/fu_barrel_shift_32x2.sv,false,0.500,1.0,0.499902,2.000392,true,349.605595,0.157919,0.962067,0.068825,0.893242,true,0.499902,349.605595,0.157919,0.962067,0.00,0.00,0.00
barrel,barrel_fix_16x4,fixed,16x4,one_ghz,rtl/standalone/barrel_shift_standalones/fu_barrel_shift_16x4.sv,false,1.000,1.0,0.999478,1.000522,true,197.668797,0.069325,0.785120,0.047214,0.737906,true,0.999478,197.668797,0.069325,0.785120,0.00,0.00,-0.00
barrel,barrel_fix_16x4,fixed,16x4,two_ghz,rtl/standalone/barrel_shift_standalones/fu_barrel_shift_16x4.sv,false,0.500,1.0,0.499685,2.001261,true,279.320398,0.141612,0.849234,0.076633,0.772601,true,0.499685,279.320398,0.141612,0.849234,0.00,-0.00,-0.00
fp_cmp,fp_cmp_g1,tier,FP64,one_ghz,rtl/fu_fp_cmp_gen.sv,true,1.000,1.0,0.999970,1.000030,true,105.139199,0.031126,0.222308,0.017935,0.204373,true,0.999970,105.139199,0.031126,0.222308,0.00,-0.00,0.00
fp_cmp,fp_cmp_g1,tier,FP64,two_ghz,rtl/fu_fp_cmp_gen.sv,true,0.500,1.0,0.499605,2.001581,true,129.514799,0.054254,0.244003,0.030444,0.213559,true,0.499605,129.514799,0.054254,0.244003,0.00,-0.00,0.00
fp_cmp,fp_cmp_g2,tier,FP64/FP32x2,one_ghz,rtl/fu_fp_cmp_gen.sv,true,1.000,1.0,0.999859,1.000141,true,109.889999,0.036201,0.230624,0.018968,0.211656,true,0.999859,109.889999,0.036201,0.230624,0.00,0.00,0.00
fp_cmp,fp_cmp_g2,tier,FP64/FP32x2,two_ghz,rtl/fu_fp_cmp_gen.sv,true,0.500,1.0,0.499857,2.000572,true,138.305999,0.052455,0.267977,0.026811,0.241166,true,0.499857,138.305999,0.052455,0.267977,0.00,-0.00,0.00
fp_cmp,fp_cmp_g3,tier,FP64/FP32x2/FP16x4,one_ghz,rtl/fu_fp_cmp_gen.sv,true,1.000,1.0,0.999805,1.000195,true,126.539999,0.036564,0.280406,0.020939,0.259467,true,0.999635,124.319999,0.039283,0.281443,1.79,-6.92,-0.37
fp_cmp,fp_cmp_g3,tier,FP64/FP32x2/FP16x4,two_ghz,rtl/fu_fp_cmp_gen.sv,true,0.500,1.0,0.499959,2.000164,true,167.121599,0.069168,0.308013,0.034075,0.273938,true,0.499973,161.393999,0.061669,0.294370,3.55,12.16,4.63
fp_cmp,fp_cmp_fix_64,fixed,FP64,one_ghz,rtl/standalone/fp_cmp_standalones/fu_fp_cmp_64.sv,false,1.000,1.0,0.999012,1.000989,true,111.621599,0.038828,0.231751,0.023335,0.208416,true,0.999012,111.621599,0.038828,0.231751,0.00,0.00,-0.00
fp_cmp,fp_cmp_fix_64,fixed,FP64,two_ghz,rtl/standalone/fp_cmp_standalones/fu_fp_cmp_64.sv,false,0.500,1.0,0.499939,2.000244,true,153.402000,0.056426,0.313576,0.030765,0.282811,true,0.499939,153.402000,0.056426,0.313576,0.00,0.00,-0.00
fp_cmp,fp_cmp_fix_32x2,fixed,FP32x2,one_ghz,rtl/standalone/fp_cmp_standalones/fu_fp_cmp_32x2.sv,false,1.000,1.0,0.999383,1.000617,true,121.522799,0.037668,0.249390,0.021910,0.227480,true,0.999383,121.522799,0.037668,0.249390,0.00,-0.00,0.00
fp_cmp,fp_cmp_fix_32x2,fixed,FP32x2,two_ghz,rtl/standalone/fp_cmp_standalones/fu_fp_cmp_32x2.sv,false,0.500,1.0,0.499775,2.000900,true,156.554400,0.058680,0.280156,0.025493,0.254663,true,0.499775,156.554400,0.058680,0.280156,0.00,-0.00,0.00
fp_cmp,fp_cmp_fix_16x4,fixed,FP16x4,one_ghz,rtl/standalone/fp_cmp_standalones/fu_fp_cmp_16x4.sv,false,1.000,1.0,0.999885,1.000115,true,109.401599,0.030743,0.297534,0.019222,0.278312,true,0.999885,109.401599,0.030743,0.297534,0.00,-0.00,-0.00
fp_cmp,fp_cmp_fix_16x4,fixed,FP16x4,two_ghz,rtl/standalone/fp_cmp_standalones/fu_fp_cmp_16x4.sv,false,0.500,1.0,0.499950,2.000200,true,139.193999,0.054822,0.284245,0.030628,0.253617,true,0.499950,139.193999,0.054822,0.284245,0.00,0.00,0.00
fp_minmax,fp_minmax_m1,tier,FP64,one_ghz,rtl/fu_fp_min_max_gen.sv,true,1.000,1.0,0.999104,1.000897,true,127.472399,0.050770,0.321031,0.033858,0.287173,true,0.998490,116.771998,0.037837,0.327904,9.16,34.18,-2.10
fp_minmax,fp_minmax_m1,tier,FP64,two_ghz,rtl/fu_fp_min_max_gen.sv,true,0.500,1.0,0.499645,2.001421,true,154.867198,0.064812,0.350134,0.036898,0.313236,true,0.499010,147.985199,0.063124,0.338439,4.65,2.67,3.46
fp_minmax,fp_minmax_m2,tier,FP64/FP32x2,one_ghz,rtl/fu_fp_min_max_gen.sv,true,1.000,1.0,0.999615,1.000385,true,127.561199,0.042846,0.370619,0.026330,0.344288,true,0.999913,131.867999,0.044267,0.378161,-3.27,-3.21,-1.99
fp_minmax,fp_minmax_m2,tier,FP64/FP32x2,two_ghz,rtl/fu_fp_min_max_gen.sv,true,0.500,1.0,0.499837,2.000652,true,168.719998,0.074073,0.377268,0.042920,0.334349,true,0.499815,171.206398,0.076297,0.386393,-1.45,-2.92,-2.36
fp_minmax,fp_minmax_m3,tier,FP64/FP32x2/FP16x4,one_ghz,rtl/fu_fp_min_max_gen.sv,true,1.000,1.0,0.999906,1.000094,true,165.523199,0.062275,0.422665,0.038398,0.384267,true,0.999969,157.664399,0.061107,0.424704,4.98,1.91,-0.48
fp_minmax,fp_minmax_m3,tier,FP64/FP32x2/FP16x4,two_ghz,rtl/fu_fp_min_max_gen.sv,true,0.500,1.0,0.499618,2.001529,true,206.859598,0.097016,0.438173,0.058737,0.379435,true,0.499902,201.753598,0.095383,0.422023,2.53,1.71,3.83
fp_minmax,fp_minmax_fix_64,fixed,FP64,one_ghz,rtl/standalone/fp_min_max_standalones/fu_fp_min_max_64.sv,false,1.000,1.0,0.995212,1.004811,true,138.883199,0.046987,0.340820,0.032184,0.308636,true,0.995212,138.883199,0.046987,0.340820,0.00,0.00,-0.00
fp_minmax,fp_minmax_fix_64,fixed,FP64,two_ghz,rtl/standalone/fp_min_max_standalones/fu_fp_min_max_64.sv,false,0.500,1.0,0.499939,2.000244,true,159.928798,0.068844,0.366123,0.034657,0.331466,true,0.499939,159.928798,0.068844,0.366123,0.00,0.00,0.00
fp_minmax,fp_minmax_fix_32x2,fixed,FP32x2,one_ghz,rtl/standalone/fp_min_max_standalones/fu_fp_min_max_32x2.sv,false,1.000,1.0,0.999721,1.000279,true,127.738799,0.043210,0.338271,0.029888,0.308383,true,0.999721,127.738799,0.043210,0.338271,0.00,0.00,-0.00
fp_minmax,fp_minmax_fix_32x2,fixed,FP32x2,two_ghz,rtl/standalone/fp_min_max_standalones/fu_fp_min_max_32x2.sv,false,0.500,1.0,0.499935,2.000260,true,176.756399,0.077429,0.371072,0.039598,0.331475,true,0.499935,176.756399,0.077429,0.371072,0.00,0.00,0.00
fp_minmax,fp_minmax_fix_16x4,fixed,FP16x4,one_ghz,rtl/standalone/fp_min_max_standalones/fu_fp_min_max_16x4.sv,false,1.000,1.0,0.999953,1.000047,true,105.938399,0.031053,0.294351,0.023860,0.270491,true,0.999953,105.938399,0.031053,0.294351,0.00,-0.00,0.00
fp_minmax,fp_minmax_fix_16x4,fixed,FP16x4,two_ghz,rtl/standalone/fp_min_max_standalones/fu_fp_min_max_16x4.sv,false,0.500,1.0,0.499750,2.001001,true,135.997199,0.059207,0.326736,0.039894,0.286842,true,0.499750,135.997199,0.059207,0.326736,0.00,-0.00,-0.00
rounding,rounding_g1,tier,FP64,one_ghz,rtl/fu_rounding_gen.sv,true,1.000,1.0,0.999970,1.000030,true,658.318799,0.334024,0.553509,0.070896,0.482613,true,0.999970,658.318799,0.334024,0.553509,0.00,-0.00,0.00
rounding,rounding_g1,tier,FP64,two_ghz,rtl/fu_rounding_gen.sv,true,0.500,0.7,0.572046,1.748111,false,1425.550793,1.018400,0.925475,0.189459,0.736017,false,0.597832,1384.125595,0.965000,0.894544,2.99,5.53,3.46
rounding,rounding_g2,tier,FP64/FP32x2,one_ghz,rtl/fu_rounding_gen.sv,true,1.000,1.0,0.999880,1.000120,true,1066.487997,0.564393,0.965878,0.125008,0.840870,true,0.999729,1028.481598,0.531672,0.883716,3.70,6.15,9.30
rounding,rounding_g2,tier,FP64/FP32x2,two_ghz,rtl/fu_rounding_gen.sv,true,0.500,0.7,0.527823,1.894575,false,1902.761991,1.337400,1.382200,0.274821,1.107400,false,0.551408,1805.259592,1.216400,1.339600,5.40,9.95,3.18
rounding,rounding_g3,tier,FP64/FP32x2/FP16x4,one_ghz,rtl/fu_rounding_gen.sv,true,1.000,1.0,0.999800,1.000200,true,1202.440797,0.626856,1.240100,0.154416,1.085600,true,0.999586,1136.995196,0.567821,1.089100,5.76,10.40,13.86
rounding,rounding_g3,tier,FP64/FP32x2/FP16x4,two_ghz,rtl/fu_rounding_gen.sv,true,0.500,0.7,0.589667,1.695872,false,2134.840787,1.454200,1.617300,0.284085,1.333200,false,0.550626,2156.685591,1.454600,1.645500,-1.01,-0.03,-1.71
rounding,rounding_fix_32x2,fixed,FP32x2,one_ghz,rtl/standalone/rounding_standalones/fu_rounding_32x2.sv,false,1.000,1.0,0.999996,1.000004,true,454.567200,0.196717,0.574896,0.057534,0.517362,true,0.999996,454.567200,0.196717,0.574896,0.00,0.00,0.00
rounding,rounding_fix_32x2,fixed,FP32x2,two_ghz,rtl/standalone/rounding_standalones/fu_rounding_32x2.sv,false,0.500,1.0,0.499831,2.000676,true,774.779994,0.454073,0.763716,0.114929,0.648788,true,0.499831,774.779994,0.454073,0.763716,0.00,-0.00,0.00
rounding,rounding_fix_16x4,fixed,FP16x4,one_ghz,rtl/standalone/rounding_standalones/fu_rounding_16x4.sv,false,1.000,1.0,0.999740,1.000260,true,274.969201,0.106406,0.434505,0.044021,0.390484,true,0.999740,274.969201,0.106406,0.434505,0.00,-0.00,0.00
rounding,rounding_fix_16x4,fixed,FP16x4,two_ghz,rtl/standalone/rounding_standalones/fu_rounding_16x4.sv,false,0.500,1.0,0.499938,2.000248,true,479.875198,0.262263,0.629018,0.080786,0.548231,true,0.499938,479.875198,0.262263,0.629018,0.00,-0.00,-0.00
mult,mult_k64,tier,64,one_ghz,rtl/standalone/mult_karatsuba_standalones/fu_mult_karatsuba_64.sv,false,1.000,1.0,0.999958,1.000042,true,4847.858363,2.993400,19.820700,3.746600,16.074100,true,0.999958,4847.858363,2.993400,19.820700,0.00,0.00,0.00
mult,mult_k64,tier,64,two_ghz,rtl/standalone/mult_karatsuba_standalones/fu_mult_karatsuba_64.sv,false,0.500,0.7,1.033740,0.967361,false,5610.206381,3.735200,23.081000,4.615100,18.465900,false,0.931239,5403.701959,3.542200,21.346700,3.82,5.45,8.12
mult,mult_k64_32,tier,64/32x2,one_ghz,rtl/fu_mult_karatsuba_64_32.sv,true,1.000,1.0,0.999689,1.000311,true,3525.448789,1.892000,14.015000,2.588600,11.426300,true,0.999689,3525.448789,1.892000,14.015000,0.00,0.00,0.00
mult,mult_k64_32,tier,64/32x2,two_ghz,rtl/fu_mult_karatsuba_64_32.sv,true,0.500,0.7,0.745046,1.342199,false,4530.842383,3.003000,17.378600,3.881500,13.497100,false,0.745928,4725.447595,3.208300,17.569300,-4.12,-6.40,-1.09
mult,mult_k64_32_16,tier,64/32x2/16x4,one_ghz,rtl/fu_mult_decomp.sv,true,1.000,1.0,0.999940,1.000060,true,5206.965570,3.278900,21.373300,4.242900,17.130400,true,0.999940,5206.965570,3.278900,21.373300,0.00,0.00,0.00
mult,mult_k64_32_16,tier,64/32x2/16x4,two_ghz,rtl/fu_mult_decomp.sv,true,0.500,0.7,1.087610,0.919447,false,5338.833580,3.516100,21.707300,4.370700,17.336600,false,0.971435,5368.359560,3.482700,21.835100,-0.55,0.96,-0.59
mult,mult_kfix_32x2,fixed_karatsuba,32x2,one_ghz,rtl/standalone/mult_karatsuba_standalones/fu_mult_karatsuba_32x2.sv,false,1.000,1.0,0.999988,1.000012,true,1787.233187,0.923487,6.773100,1.340600,5.432500,true,0.999988,1787.233187,0.923487,6.773100,0.00,0.00,0.00
mult,mult_kfix_32x2,fixed_karatsuba,32x2,two_ghz,rtl/standalone/mult_karatsuba_standalones/fu_mult_karatsuba_32x2.sv,false,0.500,0.7,0.593582,1.684687,false,2960.947190,2.020300,10.087300,2.257500,7.829800,false,0.579319,3260.469585,2.266300,10.960900,-9.19,-10.85,-7.97
mult,mult_kfix_16x4,fixed_karatsuba,16x4,one_ghz,rtl/standalone/mult_karatsuba_standalones/fu_mult_karatsuba_16x4.sv,false,1.000,1.0,0.999714,1.000286,true,595.847982,0.245129,1.706600,0.373630,1.333000,true,0.999714,595.847982,0.245129,1.706600,0.00,-0.00,0.00
mult,mult_kfix_16x4,fixed_karatsuba,16x4,two_ghz,rtl/standalone/mult_karatsuba_standalones/fu_mult_karatsuba_16x4.sv,false,0.500,1.0,0.499835,2.000660,true,765.544791,0.377487,2.638900,0.486736,2.152200,true,0.499835,765.544791,0.377487,2.638900,0.00,0.00,0.00
mult,mult_dwfix_64,fixed_designware,64,one_ghz,rtl/standalone/mult_standalones/fu_mult_64.sv,false,1.000,1.0,0.999911,1.000089,true,2280.783562,1.098900,9.620700,1.837100,7.783600,true,0.999911,2280.783562,1.098900,9.620700,0.00,0.00,0.00
mult,mult_dwfix_64,fixed_designware,64,two_ghz,rtl/standalone/mult_standalones/fu_mult_64.sv,false,0.500,0.7,0.540222,1.851091,false,3413.871601,2.284300,11.077200,2.973900,8.103300,false,0.522399,3708.199196,2.551600,11.944200,-7.94,-10.48,-7.26
mult,mult_dwfix_32x2,fixed_designware,32x2,one_ghz,rtl/standalone/mult_standalones/fu_mult_32x2.sv,false,1.000,1.0,0.999841,1.000159,true,1228.015187,0.495328,5.342600,0.898836,4.443800,true,0.999841,1228.015187,0.495328,5.342600,0.00,-0.00,0.00
mult,mult_dwfix_32x2,fixed_designware,32x2,two_ghz,rtl/standalone/mult_standalones/fu_mult_32x2.sv,false,0.500,1.0,0.499983,2.000068,true,1827.592795,1.184800,5.190400,1.356400,3.833900,true,0.499983,1827.592795,1.184800,5.190400,0.00,0.00,0.00
mult,mult_dwfix_16x4,fixed_designware,16x4,one_ghz,rtl/standalone/mult_standalones/fu_mult_16x4.sv,false,1.000,1.0,0.999714,1.000286,true,595.847982,0.245129,1.706600,0.373630,1.333000,true,0.999714,595.847982,0.245129,1.706600,0.00,-0.00,0.00
mult,mult_dwfix_16x4,fixed_designware,16x4,two_ghz,rtl/standalone/mult_standalones/fu_mult_16x4.sv,false,0.500,1.0,0.499835,2.000660,true,765.544791,0.377487,2.638900,0.486736,2.152200,true,0.499835,765.544791,0.377487,2.638900,0.00,0.00,0.00
