split,corner,config,wide_area_um2,narrow_area_um2,dec_area_um2,r_narrow_over_wide,ovh_dec_over_wide_percent,predicted_saving_percent,hand_area_um2,overhead_area_percent,wide_tier_vs_dw_area_percent,overhead_power_percent,wide_tier_vs_dw_power_percent,overhead_leakage_percent,wide_tier_vs_dw_leakage_percent
fp64_to_2xfp32,one_ghz,canonical,133.644,127.872,131.868,0.9568,-1.33,49.58,116.062,13.62,-13.16,13.79,-6.25,8.78,-18.80
fp64_to_2xfp32,one_ghz,reverse,133.644,127.872,133.156,0.9568,-0.37,49.08,116.062,14.73,-13.16,14.35,-6.25,7.99,-18.80
fp64_to_2xfp32,one_ghz,fresh,138.883,127.739,131.868,0.9198,-5.05,50.54,116.772,12.93,-15.92,15.33,-3.79,17.00,-19.47
fp64_to_2xfp32,two_ghz,canonical,159.929,176.756,171.206,1.1052,7.05,49.15,147.985,15.69,-7.47,14.17,-7.56,20.87,-8.31
fp64_to_2xfp32,two_ghz,reverse,159.929,176.756,171.206,1.1052,7.05,49.15,147.985,15.69,-7.47,14.17,-7.56,20.87,-8.31
fp64_to_2xfp32,two_ghz,fresh,159.929,176.756,171.206,1.1052,7.05,49.15,147.985,15.69,-7.47,14.17,-7.56,20.87,-8.31
fp64_to_2xfp32,maxspeed,canonical,634.165,630.746,661.649,0.9946,4.33,47.69,577.555,14.56,-8.93,14.95,-5.46,15.38,-11.19
fp32_to_2xfp16,one_ghz,canonical,62.604,54.301,75.791,0.8674,21.06,35.17,67.399,12.45,7.66,20.35,-2.23,14.84,26.98
fp32_to_2xfp16,one_ghz,reverse,62.604,54.301,75.791,0.8674,21.06,35.17,66.911,13.27,6.88,8.00,8.95,20.44,21.08
fp32_to_2xfp16,one_ghz,fresh,62.959,53.946,74.681,0.8568,18.62,36.12,66.911,11.61,6.28,5.87,10.07,14.67,22.66
fp32_to_2xfp16,two_ghz,canonical,87.646,66.866,84.271,0.7629,-3.85,45.46,68.110,23.73,-22.29,14.42,-7.53,36.00,-31.65
fp32_to_2xfp16,two_ghz,reverse,87.646,66.866,84.271,0.7629,-3.85,45.46,68.110,23.73,-22.29,14.42,-7.53,36.00,-31.65
fp32_to_2xfp16,two_ghz,fresh,87.646,66.866,84.271,0.7629,-3.85,45.46,68.110,23.73,-22.29,14.42,-7.53,36.00,-31.65
fp32_to_2xfp16,maxspeed,canonical,350.405,380.419,494.527,1.0857,41.13,32.33,339.704,45.58,-3.05,46.91,-8.09,42.20,-1.20
