config,design,corner,area,power,leakage,fmax_ghz,timing_met
canonical,dec_32_16,maxspeed,494.527195,0.540688,0.396301,6.346023,False
canonical,dec_32_16,one_ghz,75.790799,0.191596,0.030669,1.000827,True
canonical,dec_32_16,two_ghz,84.271199,0.196812,0.035286,2.000428,True
canonical,dec_64_32,maxspeed,661.648794,0.786929,0.514953,4.993533,False
canonical,dec_64_32,one_ghz,131.867999,0.378161,0.044267,1.000087,True
canonical,dec_64_32,two_ghz,171.206398,0.386393,0.076297,2.000740,True
canonical,fix_16x2,maxspeed,380.419197,0.425456,0.315101,7.151490,False
canonical,fix_16x2,one_ghz,54.301200,0.146963,0.015246,1.001071,True
canonical,fix_16x2,two_ghz,66.866399,0.159792,0.025960,2.000836,True
canonical,fix_32,maxspeed,350.404796,0.400429,0.282093,5.816794,False
canonical,fix_32,one_ghz,62.603999,0.162823,0.021032,1.000908,True
canonical,fix_32,two_ghz,87.645600,0.186022,0.037959,2.000540,True
canonical,fix_32x2,maxspeed,630.746395,0.719590,0.497554,5.855727,False
canonical,fix_32x2,one_ghz,127.871999,0.326527,0.044530,1.000255,True
canonical,fix_32x2,two_ghz,176.756399,0.371072,0.077429,2.000260,True
canonical,fix_64,maxspeed,634.165192,0.724100,0.502569,5.399393,False
canonical,fix_64,one_ghz,133.643998,0.354459,0.050114,1.000367,True
canonical,fix_64,two_ghz,159.928798,0.366123,0.068844,2.000244,True
canonical,hand_32,maxspeed,339.704397,0.368033,0.278700,6.666222,False
canonical,hand_32,one_ghz,67.399199,0.159200,0.026706,1.001161,True
canonical,hand_32,two_ghz,68.109599,0.172007,0.025946,2.001930,True
canonical,hand_64,maxspeed,577.555193,0.684554,0.446317,5.546435,False
canonical,hand_64,one_ghz,116.061599,0.332319,0.040693,1.001953,True
canonical,hand_64,two_ghz,147.985199,0.338439,0.063124,2.003968,True
fresh,dec_32_16,one_ghz,74.680800,0.187809,0.029201,1.000007,True
fresh,dec_32_16,two_ghz,84.271199,0.196812,0.035286,2.000428,True
fresh,dec_64_32,one_ghz,131.867999,0.378161,0.044267,1.000087,True
fresh,dec_64_32,two_ghz,171.206398,0.386393,0.076297,2.000740,True
fresh,fix_16x2,one_ghz,53.946000,0.146804,0.015562,1.000047,True
fresh,fix_16x2,two_ghz,66.866399,0.159792,0.025960,2.000836,True
fresh,fix_32,one_ghz,62.959199,0.161175,0.020760,1.003184,True
fresh,fix_32,two_ghz,87.645600,0.186022,0.037959,2.000540,True
fresh,fix_32x2,one_ghz,127.738799,0.338271,0.043210,1.000279,True
fresh,fix_32x2,two_ghz,176.756399,0.371072,0.077429,2.000260,True
fresh,fix_64,one_ghz,138.883199,0.340820,0.046987,1.004811,True
fresh,fix_64,two_ghz,159.928798,0.366123,0.068844,2.000244,True
fresh,hand_32,one_ghz,66.910799,0.177402,0.025465,1.000456,True
fresh,hand_32,two_ghz,68.109599,0.172007,0.025946,2.001930,True
fresh,hand_64,one_ghz,116.771998,0.327904,0.037837,1.001512,True
fresh,hand_64,two_ghz,147.985199,0.338439,0.063124,2.003968,True
reverse,dec_32_16,one_ghz,75.790799,0.191596,0.030669,1.000827,True
reverse,dec_32_16,two_ghz,84.271199,0.196812,0.035286,2.000428,True
reverse,dec_64_32,one_ghz,133.155599,0.380004,0.043944,1.000024,True
reverse,dec_64_32,two_ghz,171.206398,0.386393,0.076297,2.000740,True
reverse,fix_16x2,one_ghz,54.301200,0.146963,0.015246,1.001071,True
reverse,fix_16x2,two_ghz,66.866399,0.159792,0.025960,2.000836,True
reverse,fix_32,one_ghz,62.603999,0.162823,0.021032,1.000908,True
reverse,fix_32,two_ghz,87.645600,0.186022,0.037959,2.000540,True
reverse,fix_32x2,one_ghz,127.871999,0.326527,0.044530,1.000255,True
reverse,fix_32x2,two_ghz,176.756399,0.371072,0.077429,2.000260,True
reverse,fix_64,one_ghz,133.643998,0.354459,0.050114,1.000367,True
reverse,fix_64,two_ghz,159.928798,0.366123,0.068844,2.000244,True
reverse,hand_32,one_ghz,66.910799,0.177402,0.025465,1.000456,True
reverse,hand_32,two_ghz,68.109599,0.172007,0.025946,2.001930,True
reverse,hand_64,one_ghz,116.061599,0.332319,0.040693,1.001953,True
reverse,hand_64,two_ghz,147.985199,0.338439,0.063124,2.003968,True
