split,corner,config,bank_area,dec_area,bank_power,dec_power,bank_leakage,dec_leakage,area_saving_percent,power_saving_percent,leakage_saving_percent,bank_fmax_ghz,dec_fmax_ghz,energy_saving_percent,timing_met
fp64_to_2xfp32,one_ghz,canonical,261.515997,131.867999,0.680986,0.378161,0.094644,0.044267,49.575552,44.468609,53.227816,1.000255,1.000087,44.459277,True
fp64_to_2xfp32,one_ghz,reverse,261.515997,133.155599,0.680986,0.380004,0.094644,0.043944,49.083192,44.197972,53.569515,1.000255,1.000024,44.185078,True
fp64_to_2xfp32,one_ghz,fresh,266.621998,131.867999,0.679091,0.378161,0.090197,0.044267,50.541216,44.313616,50.921810,1.000279,1.000087,44.302921,True
fp64_to_2xfp32,one_ghz,min,261.515997,131.867999,0.679091,0.378161,0.090197,0.043944,49.083192,44.197972,50.921810,1.000255,1.000024,44.185078,True
fp64_to_2xfp32,one_ghz,median,261.515997,131.867999,0.680986,0.378161,0.094644,0.044267,49.575552,44.313616,53.227816,1.000255,1.000087,44.302921,True
fp64_to_2xfp32,one_ghz,max,266.621998,133.155599,0.680986,0.380004,0.094644,0.044267,50.541216,44.468609,53.569515,1.000279,1.000087,44.459277,True
fp64_to_2xfp32,two_ghz,canonical,336.685197,171.206398,0.737195,0.386393,0.146274,0.076297,49.149413,47.586081,47.839460,2.000244,2.000740,47.599081,True
fp64_to_2xfp32,two_ghz,reverse,336.685197,171.206398,0.737195,0.386393,0.146274,0.076297,49.149413,47.586081,47.839460,2.000244,2.000740,47.599081,True
fp64_to_2xfp32,two_ghz,fresh,336.685197,171.206398,0.737195,0.386393,0.146274,0.076297,49.149413,47.586081,47.839460,2.000244,2.000740,47.599081,True
fp64_to_2xfp32,two_ghz,min,336.685197,171.206398,0.737195,0.386393,0.146274,0.076297,49.149413,47.586081,47.839460,2.000244,2.000740,47.599081,True
fp64_to_2xfp32,two_ghz,median,336.685197,171.206398,0.737195,0.386393,0.146274,0.076297,49.149413,47.586081,47.839460,2.000244,2.000740,47.599081,True
fp64_to_2xfp32,two_ghz,max,336.685197,171.206398,0.737195,0.386393,0.146274,0.076297,49.149413,47.586081,47.839460,2.000244,2.000740,47.599081,True
fp64_to_2xfp32,maxspeed,canonical,1264.911587,661.648794,1.443690,0.786929,1.000123,0.514953,47.692092,45.491834,48.511053,5.399393,4.993533,41.061570,False
fp32_to_2xfp16,one_ghz,canonical,116.905199,75.790799,0.309786,0.191596,0.036278,0.030669,35.169009,38.152099,15.461351,1.000908,1.000827,38.147085,True
fp32_to_2xfp16,one_ghz,reverse,116.905199,75.790799,0.309786,0.191596,0.036278,0.030669,35.169009,38.152099,15.461351,1.000908,1.000827,38.147085,True
fp32_to_2xfp16,one_ghz,fresh,116.905199,74.680800,0.307979,0.187809,0.036323,0.029201,36.118495,39.018705,19.606526,1.000047,1.000007,39.016265,True
fp32_to_2xfp16,one_ghz,min,116.905199,74.680800,0.307979,0.187809,0.036278,0.029201,35.169009,38.152099,15.461351,1.000047,1.000007,38.147085,True
fp32_to_2xfp16,one_ghz,median,116.905199,75.790799,0.309786,0.191596,0.036278,0.030669,35.169009,38.152099,15.461351,1.000908,1.000827,38.147085,True
fp32_to_2xfp16,one_ghz,max,116.905199,75.790799,0.309786,0.191596,0.036323,0.030669,36.118495,39.018705,19.606526,1.000908,1.000827,39.016265,True
fp32_to_2xfp16,two_ghz,canonical,154.511999,84.271199,0.345813,0.196812,0.063920,0.035286,45.459770,43.087168,44.795407,2.000540,2.000428,43.083980,True
fp32_to_2xfp16,two_ghz,reverse,154.511999,84.271199,0.345813,0.196812,0.063920,0.035286,45.459770,43.087168,44.795407,2.000540,2.000428,43.083980,True
fp32_to_2xfp16,two_ghz,fresh,154.511999,84.271199,0.345813,0.196812,0.063920,0.035286,45.459770,43.087168,44.795407,2.000540,2.000428,43.083980,True
fp32_to_2xfp16,two_ghz,min,154.511999,84.271199,0.345813,0.196812,0.063920,0.035286,45.459770,43.087168,44.795407,2.000540,2.000428,43.083980,True
fp32_to_2xfp16,two_ghz,median,154.511999,84.271199,0.345813,0.196812,0.063920,0.035286,45.459770,43.087168,44.795407,2.000540,2.000428,43.083980,True
fp32_to_2xfp16,two_ghz,max,154.511999,84.271199,0.345813,0.196812,0.063920,0.035286,45.459770,43.087168,44.795407,2.000540,2.000428,43.083980,True
fp32_to_2xfp16,maxspeed,canonical,730.823993,494.527195,0.825885,0.540688,0.597195,0.396301,32.332928,34.532226,33.639593,5.816794,6.346023,39.991936,False
