FU,family,tier,capability,corner,target_period_ns,achieved_delay_ns,fmax_ghz,cell_area_um2,total_area_um2,dynamic_power_mw,leakage_power_uw,energy_per_operation_pj,timing_met,activity_source
fp_cmp_rev64,fp_cmp,rev64,FP64,one_ghz,1.0,0.99997,1.0000300009,105.139199,269.893453,0.222308,0.0311257,0.222301330760006,True,uniform_synthetic
fp_cmp_rev64,fp_cmp,rev64,FP64,two_ghz,0.5,0.499605,2.00158124919,129.514799,293.667283,0.244003,0.0542537,0.12190511881480862,True,uniform_synthetic
fp_cmp_rev64_32,fp_cmp,rev64_32,FP64/FP32x2,one_ghz,1.0,0.999516,1.00048423437,108.557999,282.282269,0.226641,0.029476500000000003,0.22653130575587205,True,uniform_synthetic
fp_cmp_rev64_32,fp_cmp,rev64_32,FP64/FP32x2,two_ghz,0.5,0.499972,2.00011200627,137.950799,321.025867,0.2501983,0.0506573,0.12509214444774702,True,uniform_synthetic
fp_cmp_rev64_32_16,fp_cmp,rev64_32_16,FP64/FP32x2/FP16x4,one_ghz,1.0,0.999949,1.0000510026,124.586399,326.965696,0.2745066,0.0386854,0.27449260016371085,True,uniform_synthetic
fp_cmp_rev64_32_16,fp_cmp,rev64_32_16,FP64/FP32x2/FP16x4,two_ghz,0.5,0.499973,2.00010800583,161.393999,370.354325,0.29437,0.0616694,0.14717705201017034,True,uniform_synthetic
fp_minmax_rev64,fp_minmax,rev64,FP64,one_ghz,1.0,0.99849,1.00151228355,116.771998,311.815379,0.3279037,0.0378369,0.3274085654123977,True,uniform_synthetic
fp_minmax_rev64,fp_minmax,rev64,FP64,two_ghz,0.5,0.49901,2.00396785636,147.985199,342.715715,0.3384389,0.0631239,0.16888439548862783,True,uniform_synthetic
fp_minmax_rev64_32,fp_minmax,rev64_32,FP64/FP32x2,one_ghz,1.0,0.999742,1.00025806658,132.178799,339.986976,0.3740055,0.048227099999999995,0.37390900658144033,True,uniform_synthetic
fp_minmax_rev64_32,fp_minmax,rev64_32,FP64/FP32x2,two_ghz,0.5,0.4998,2.00080032013,191.230799,414.941637,0.42526850000000005,0.08749639999999999,0.212549196299793,True,uniform_synthetic
fp_minmax_rev64_32_16,fp_minmax,rev64_32_16,FP64/FP32x2/FP16x4,one_ghz,1.0,0.999405,1.00059535424,161.038799,400.531685,0.427467,0.0636664,0.4272126571331941,True,uniform_synthetic
fp_minmax_rev64_32_16,fp_minmax,rev64_32_16,FP64/FP32x2/FP16x4,two_ghz,0.5,0.499902,2.00039207685,201.753598,436.487273,0.4220229,0.0953834,0.21097009175549014,True,uniform_synthetic
